human_symbol,mouse_symbol,subtype
A1BG,A1bg,hypo
AARS2,Aars2,hypo
AASDH,Aasdh,hypo
ABCA5,Abca5,hypo
ABCC10,Abcc10,hypo
ABCC8,Abcc8,hypo
ABHD14A,Abhd14a,hypo
ABHD14B,Abhd14b,hypo
ABLIM1,Ablim1,hypo
ABLIM3,Ablim3,hypo
ACAP1,Acap1,hypo
ACAP3,Acap3,hypo
ACCS,Accs,hypo
ACD,Acd,hypo
ACSF2,Acsf2,hypo
ACSM1,Acsm1,hypo
ACTL6B,Actl6b,hypo
ACVR2A,Acvr2a,hypo
ADAM11,Adam11,hypo
ADAM19,Adam19,hypo
ADAM22,Adam22,hypo
ADAM9,Adam9,hypo
ADAMTS16,Adamts16,hypo
ADAMTS18,Adamts18,hypo
ADAMTS5,Adamts5,hypo
ADAMTSL1,Adamtsl1,hypo
ADARB1,Adarb1,hypo
ADCK4,Adck4,hypo
ADCK5,Adck5,hypo
ADCY6,Adcy6,hypo
ADRA2A,Adra2a,hypo
ADRBK1,Adrbk1,hypo
ADRM1,Adrm1,hypo
ADSL,Adsl,hypo
AFAP1,Afap1,hypo
AFAP1L2,Afap1l2,hypo
AFF2,Aff2,hypo
AFP,Afp,hypo
AGAP4,Agap4,hypo
AGPAT6,Agpat6,hypo
AIM2,Aim2,hypo
AKAP14,Akap14,hypo
AKAP7,Akap7,hypo
AKAP8L,Akap8l,hypo
AKAP9,Akap9,hypo
AKT1,Akt1,hypo
ALAS1,Alas1,hypo
ALDH1A2,Aldh1a2,hypo
ALDH1L2,Aldh1l2,hypo
ALG10B,Alg10b,hypo
ALG6,Alg6,hypo
ALKBH3,Alkbh3,hypo
ALKBH4,Alkbh4,hypo
ALKBH7,Alkbh7,hypo
ALOX5,Alox5,hypo
ALPL,Alpl,hypo
ALS2,Als2,hypo
AMICA1,Amica1,hypo
AMIGO1,Amigo1,hypo
AMMECR1L,Ammecr1l,hypo
AMPH,Amph,hypo
AMT,Amt,hypo
ANGPT1,Angpt1,hypo
ANGPTL7,Angptl7,hypo
ANK1,Ank1,hypo
ANKLE2,Ankle2,hypo
ANKRA2,Ankra2,hypo
ANKRD13B,Ankrd13b,hypo
ANKRD18B,Ankrd18b,hypo
ANKRD28,Ankrd28,hypo
ANKRD32,Ankrd32,hypo
ANKRD36C,Ankrd36c,hypo
ANKRD39,Ankrd39,hypo
ANKRD6,Ankrd6,hypo
ANKZF1,Ankzf1,hypo
ANO1,Ano1,hypo
ANP32A,Anp32a,hypo
ANXA8,Anxa8,hypo
AOX1,Aox1,hypo
AP001816.1,Ap001816.1,hypo
AP1G2,Ap1g2,hypo
AP1M2,Ap1m2,hypo
AP2A2,Ap2a2,hypo
AP3B2,Ap3b2,hypo
AP4B1,Ap4b1,hypo
AP4M1,Ap4m1,hypo
AP5B1,Ap5b1,hypo
APBA2,Apba2,hypo
APBB1,Apbb1,hypo
APOO,Apoo,hypo
AQP3,Aqp3,hypo
AQP7,Aqp7,hypo
AQR,Aqr,hypo
ARAP3,Arap3,hypo
ARFGAP3,Arfgap3,hypo
ARHGAP29,Arhgap29,hypo
ARHGAP4,Arhgap4,hypo
ARID2,Arid2,hypo
ARID3B,Arid3b,hypo
ARID3C,Arid3c,hypo
ARL16,Arl16,hypo
ARMC7,Armc7,hypo
ARMCX4,Armcx4,hypo
ARRB2,Arrb2,hypo
ARRDC3,Arrdc3,hypo
ARSG,Arsg,hypo
ARSJ,Arsj,hypo
ARSK,Arsk,hypo
ASB3,Asb3,hypo
ASB7,Asb7,hypo
ASGR1,Asgr1,hypo
ASL,Asl,hypo
ASPHD2,Asphd2,hypo
ASS1,Ass1,hypo
ASTE1,Aste1,hypo
ASXL1,Asxl1,hypo
ATAD5,Atad5,hypo
ATF1,Atf1,hypo
ATF7,Atf7,hypo
ATOH7,Atoh7,hypo
ATP4A,Atp4a,hypo
ATP6V1G2,Atp6v1g2,hypo
ATP7B,Atp7b,hypo
ATP8B4,Atp8b4,hypo
AVIL,Avil,hypo
B3GALNT1,B3galnt1,hypo
B4GALT1,B4galt1,hypo
BAI3,Bai3,hypo
BAIAP2,Baiap2,hypo
BANK1,Bank1,hypo
BANP,Banp,hypo
BCAR1,Bcar1,hypo
BCL2A1,Bcl2a1,hypo
BCL6,Bcl6,hypo
BCL7A,Bcl7a,hypo
BCL9L,Bcl9l,hypo
BDH1,Bdh1,hypo
BDKRB1,Bdkrb1,hypo
BDKRB2,Bdkrb2,hypo
BDNF,Bdnf,hypo
BEGAIN,Begain,hypo
BEND3,Bend3,hypo
BEST3,Best3,hypo
BHLHE22,Bhlhe22,hypo
BHMT,Bhmt,hypo
BICD1,Bicd1,hypo
BICD2,Bicd2,hypo
BLM,Blm,hypo
BMP4,Bmp4,hypo
BNIPL,Bnipl,hypo
BOC,Boc,hypo
BPHL,Bphl,hypo
BRCC3,Brcc3,hypo
BRD1,Brd1,hypo
BRD9,Brd9,hypo
BRPF3,Brpf3,hypo
BRWD3,Brwd3,hypo
BTD,Btd,hypo
BTG1,Btg1,hypo
BUB1B,Bub1b,hypo
BZRAP1,Bzrap1,hypo
C10orf25,C10orf25,hypo
C10orf35,C10orf35,hypo
C10orf62,C10orf62,hypo
C10orf95,C10orf95,hypo
C11orf52,C11orf52,hypo
C11orf58,C11orf58,hypo
C11orf68,C11orf68,hypo
C11orf80,C11orf80,hypo
C12orf42,C12orf42,hypo
C14orf132,C14orf132,hypo
C15orf27,C15orf27,hypo
C16orf58,C16orf58,hypo
C16orf86,C16orf86,hypo
C17orf53,C17orf53,hypo
C17orf70,C17orf70,hypo
C17orf80,C17orf80,hypo
C18orf42,C18orf42,hypo
C19orf57,C19orf57,hypo
C19orf60,C19orf60,hypo
C19orf71,C19orf71,hypo
C1QL1,C1ql1,hypo
C1QTNF2,C1qtnf2,hypo
C1orf145,C1orf145,hypo
C1orf162,C1orf162,hypo
C1orf172,C1orf172,hypo
C1orf226,C1orf226,hypo
C1orf35,C1orf35,hypo
C1orf74,C1orf74,hypo
C21orf59,C21orf59,hypo
C22orf29,C22orf29,hypo
C22orf39,C22orf39,hypo
C2orf44,C2orf44,hypo
C2orf68,C2orf68,hypo
C3orf18,C3orf18,hypo
C3orf33,C3orf33,hypo
C3orf35,C3orf35,hypo
C3orf58,C3orf58,hypo
C4orf29,C4orf29,hypo
C4orf45,C4orf45,hypo
C5orf42,C5orf42,hypo
C5orf45,C5orf45,hypo
C5orf54,C5orf54,hypo
C6orf195,C6orf195,hypo
C6orf222,C6orf222,hypo
C7orf31,C7orf31,hypo
C8orf34,C8orf34,hypo
C8orf58,C8orf58,hypo
C9orf72,C9orf72,hypo
C9orf89,C9orf89,hypo
CA10,Ca10,hypo
CA11,Ca11,hypo
CA4,Ca4,hypo
CA8,Ca8,hypo
CA9,Ca9,hypo
CABP7,Cabp7,hypo
CACNA1B,Cacna1b,hypo
CACNA1F,Cacna1f,hypo
CACNB2,Cacnb2,hypo
CACNB3,Cacnb3,hypo
CACNG2,Cacng2,hypo
CACNG7,Cacng7,hypo
CADM1,Cadm1,hypo
CADM3,Cadm3,hypo
CADPS2,Cadps2,hypo
CALB1,Calb1,hypo
CALB2,Calb2,hypo
CALCB,Calcb,hypo
CALHM1,Calhm1,hypo
CALML4,Calml4,hypo
CALN1,Caln1,hypo
CAMK2D,Camk2d,hypo
CAMK2N2,Camk2n2,hypo
CAMK4,Camk4,hypo
CAMKK2,Camkk2,hypo
CAMSAP1,Camsap1,hypo
CAPSL,Capsl,hypo
CARD16,Card16,hypo
CARS2,Cars2,hypo
CASP1,Casp1,hypo
CATSPER2,Catsper2,hypo
CBFA2T3,Cbfa2t3,hypo
CBLB,Cblb,hypo
CBLN1,Cbln1,hypo
CBLN3,Cbln3,hypo
CBWD5,Cbwd5,hypo
CBX6,Cbx6,hypo
CBX7,Cbx7,hypo
CC2D1A,Cc2d1a,hypo
CCDC101,Ccdc101,hypo
CCDC107,Ccdc107,hypo
CCDC110,Ccdc110,hypo
CCDC117,Ccdc117,hypo
CCDC12,Ccdc12,hypo
CCDC138,Ccdc138,hypo
CCDC142,Ccdc142,hypo
CCDC144NL,Ccdc144nl,hypo
CCDC148,Ccdc148,hypo
CCDC19,Ccdc19,hypo
CCDC22,Ccdc22,hypo
CCDC28B,Ccdc28b,hypo
CCDC64,Ccdc64,hypo
CCDC81,Ccdc81,hypo
CCDC82,Ccdc82,hypo
CCDC85C,Ccdc85c,hypo
CCDC88B,Ccdc88b,hypo
CCDC89,Ccdc89,hypo
CCDC94,Ccdc94,hypo
CCKBR,Cckbr,hypo
CCL27,Ccl27,hypo
CCNF,Ccnf,hypo
CCNG2,Ccng2,hypo
CCNJL,Ccnjl,hypo
CCNO,Ccno,hypo
CCS,Ccs,hypo
CCT7,Cct7,hypo
CD14,Cd14,hypo
CD151,Cd151,hypo
CD2AP,Cd2ap,hypo
CD2BP2,Cd2bp2,hypo
CD40,Cd40,hypo
CD5,Cd5,hypo
CDAN1,Cdan1,hypo
CDC23,Cdc23,hypo
CDC25B,Cdc25b,hypo
CDC34,Cdc34,hypo
CDC42BPG,Cdc42bpg,hypo
CDC7,Cdc7,hypo
CDH10,Cdh10,hypo
CDH15,Cdh15,hypo
CDH18,Cdh18,hypo
CDH23,Cdh23,hypo
CDH3,Cdh3,hypo
CDH7,Cdh7,hypo
CDIPT,Cdipt,hypo
CDK8,Cdk8,hypo
CDKL4,Cdkl4,hypo
CDON,Cdon,hypo
CDRT1,Cdrt1,hypo
CDYL2,Cdyl2,hypo
CECR5,Cecr5,hypo
CELF3,Celf3,hypo
CENPJ,Cenpj,hypo
CENPV,Cenpv,hypo
CEP68,Cep68,hypo
CEP72,Cep72,hypo
CEP76,Cep76,hypo
CERKL,Cerkl,hypo
CES3,Ces3,hypo
CFP,Cfp,hypo
CHAF1B,Chaf1b,hypo
CHGB,Chgb,hypo
CHIC2,Chic2,hypo
CHKB,Chkb,hypo
CHN2,Chn2,hypo
CHRD,Chrd,hypo
CHRNA10,Chrna10,hypo
CHRNB3,Chrnb3,hypo
CHRNE,Chrne,hypo
CHST12,Chst12,hypo
CHST8,Chst8,hypo
CHTF18,Chtf18,hypo
CIC,Cic,hypo
CIDEB,Cideb,hypo
CITED2,Cited2,hypo
CKMT1A,Ckmt1a,hypo
CLCNKB,Clcnkb,hypo
CLEC11A,Clec11a,hypo
CLEC4G,Clec4g,hypo
CLIP1,Clip1,hypo
CLK2,Clk2,hypo
CLK4,Clk4,hypo
CLOCK,Clock,hypo
CLSPN,Clspn,hypo
CLUL1,Clul1,hypo
CLVS2,Clvs2,hypo
CMTM7,Cmtm7,hypo
CNKSR2,Cnksr2,hypo
CNNM4,Cnnm4,hypo
CNOT3,Cnot3,hypo
CNOT6,Cnot6,hypo
CNPY1,Cnpy1,hypo
CNPY4,Cnpy4,hypo
CNR1,Cnr1,hypo
CNRIP1,Cnrip1,hypo
CNTD2,Cntd2,hypo
CNTN1,Cntn1,hypo
COG4,Cog4,hypo
COIL,Coil,hypo
COL11A2,Col11a2,hypo
COL13A1,Col13a1,hypo
COL19A1,Col19a1,hypo
COL23A1,Col23a1,hypo
COL28A1,Col28a1,hypo
COL5A1,Col5a1,hypo
COL6A1,Col6a1,hypo
COL7A1,Col7a1,hypo
COL8A2,Col8a2,hypo
COMMD3,Commd3,hypo
CORO1A,Coro1a,hypo
COX19,Cox19,hypo
CPNE6,Cpne6,hypo
CPSF3L,Cpsf3l,hypo
CPSF4,Cpsf4,hypo
CPSF6,Cpsf6,hypo
CPVL,Cpvl,hypo
CRAMP1L,Cramp1l,hypo
CRAT,Crat,hypo
CREB1,Creb1,hypo
CREB3L4,Creb3l4,hypo
CREBZF,Crebzf,hypo
CRIP3,Crip3,hypo
CRLF3,Crlf3,hypo
CRMP1,Crmp1,hypo
CRNKL1,Crnkl1,hypo
CROCC,Crocc,hypo
CRTAM,Crtam,hypo
CRY1,Cry1,hypo
CRY2,Cry2,hypo
CRYGS,Crygs,hypo
CRYM,Crym,hypo
CSK,Csk,hypo
CSNK1G1,Csnk1g1,hypo
CT45A3,Ct45a3,hypo
CTBS,Ctbs,hypo
CTCF,Ctcf,hypo
CTDSPL,Ctdspl,hypo
CTDSPL2,Ctdspl2,hypo
CTSF,Ctsf,hypo
CUL3,Cul3,hypo
CUL7,Cul7,hypo
CUX1,Cux1,hypo
CUZD1,Cuzd1,hypo
CXXC1,Cxxc1,hypo
CXorf24,Cxorf24,hypo
CXorf67,Cxorf67,hypo
CYB5A,Cyb5a,hypo
CYGB,Cygb,hypo
CYHR1,Cyhr1,hypo
CYP26B1,Cyp26b1,hypo
CYP2C18,Cyp2c18,hypo
CYP2C19,Cyp2c19,hypo
CYP2R1,Cyp2r1,hypo
CYP39A1,Cyp39a1,hypo
CYP4X1,Cyp4x1,hypo
CYS1,Cys1,hypo
DAAM1,Daam1,hypo
DAB2IP,Dab2ip,hypo
DACT1,Dact1,hypo
DAK,Dak,hypo
DAND5,Dand5,hypo
DAO,Dao,hypo
DARC,Darc,hypo
DBH,Dbh,hypo
DBP,Dbp,hypo
DCAF15,Dcaf15,hypo
DCP2,Dcp2,hypo
DDB2,Ddb2,hypo
DDRGK1,Ddrgk1,hypo
DDX20,Ddx20,hypo
DDX26B,Ddx26b,hypo
DDX46,Ddx46,hypo
DDX47,Ddx47,hypo
DDX56,Ddx56,hypo
DEAF1,Deaf1,hypo
DECR2,Decr2,hypo
DEDD2,Dedd2,hypo
DEGS2,Degs2,hypo
DENND4A,Dennd4a,hypo
DGCR8,Dgcr8,hypo
DGKA,Dgka,hypo
DGKD,Dgkd,hypo
DGKG,Dgkg,hypo
DHDDS,Dhdds,hypo
DHDH,Dhdh,hypo
DHPS,Dhps,hypo
DHRS13,Dhrs13,hypo
DHRS2,Dhrs2,hypo
DHX15,Dhx15,hypo
DHX29,Dhx29,hypo
DHX33,Dhx33,hypo
DHX38,Dhx38,hypo
DIRAS2,Diras2,hypo
DISP2,Disp2,hypo
DKFZP779L1853,Dkfzp779l1853,hypo
DLG5,Dlg5,hypo
DMC1,Dmc1,hypo
DMTF1,Dmtf1,hypo
DMXL2,Dmxl2,hypo
DNAH2,Dnah2,hypo
DNAJC12,Dnajc12,hypo
DNAJC17,Dnajc17,hypo
DNAJC9,Dnajc9,hypo
DNAL4,Dnal4,hypo
DNM1,Dnm1,hypo
DNMT1,Dnmt1,hypo
DNMT3B,Dnmt3b,hypo
DOK4,Dok4,hypo
DOPEY2,Dopey2,hypo
DPF3,Dpf3,hypo
DRAM2,Dram2,hypo
DRAP1,Drap1,hypo
DSCC1,Dscc1,hypo
DSG2,Dsg2,hypo
DTX1,Dtx1,hypo
DUSP11,Dusp11,hypo
DUSP12,Dusp12,hypo
DUSP26,Dusp26,hypo
DUSP4,Dusp4,hypo
DYRK2,Dyrk2,hypo
DZIP1,Dzip1,hypo
DZIP1L,Dzip1l,hypo
E4F1,E4f1,hypo
EARS2,Ears2,hypo
EBF1,Ebf1,hypo
EBF3,Ebf3,hypo
EBP,Ebp,hypo
ECHDC3,Echdc3,hypo
EDC3,Edc3,hypo
EDF1,Edf1,hypo
EED,Eed,hypo
EEF2K,Eef2k,hypo
EFNB2,Efnb2,hypo
EGR4,Egr4,hypo
EHBP1L1,Ehbp1l1,hypo
EID2B,Eid2b,hypo
EID3,Eid3,hypo
EIF2B4,Eif2b4,hypo
EIF3D,Eif3d,hypo
EIF3E,Eif3e,hypo
EIF3F,Eif3f,hypo
EIF3L,Eif3l,hypo
ELAVL4,Elavl4,hypo
ELK1,Elk1,hypo
ELK3,Elk3,hypo
ELL3,Ell3,hypo
EMD,Emd,hypo
EMID1,Emid1,hypo
EML6,Eml6,hypo
EMP3,Emp3,hypo
ENPP1,Enpp1,hypo
ENPP3,Enpp3,hypo
EOMES,Eomes,hypo
EPB41L4B,Epb41l4b,hypo
EPB41L5,Epb41l5,hypo
EPC2,Epc2,hypo
EPHB3,Ephb3,hypo
EPN1,Epn1,hypo
EPPK1,Eppk1,hypo
EPS8L2,Eps8l2,hypo
ERCC3,Ercc3,hypo
ERLIN1,Erlin1,hypo
ERP29,Erp29,hypo
ESR2,Esr2,hypo
ESYT3,Esyt3,hypo
ETV2,Etv2,hypo
EXD1,Exd1,hypo
EXOC6,Exoc6,hypo
EXOSC2,Exosc2,hypo
EXOSC9,Exosc9,hypo
EXPH5,Exph5,hypo
EZH1,Ezh1,hypo
EZH2,Ezh2,hypo
F2,F2,hypo
FAAH2,Faah2,hypo
FABP5,Fabp5,hypo
FABP7,Fabp7,hypo
FADS3,Fads3,hypo
FADS6,Fads6,hypo
FAM101A,Fam101a,hypo
FAM102B,Fam102b,hypo
FAM105A,Fam105a,hypo
FAM106A,Fam106a,hypo
FAM110B,Fam110b,hypo
FAM110C,Fam110c,hypo
FAM117A,Fam117a,hypo
FAM117B,Fam117b,hypo
FAM132A,Fam132a,hypo
FAM134C,Fam134c,hypo
FAM13A,Fam13a,hypo
FAM153A,Fam153a,hypo
FAM153B,Fam153b,hypo
FAM156A,Fam156a,hypo
FAM160A2,Fam160a2,hypo
FAM171A2,Fam171a2,hypo
FAM172A,Fam172a,hypo
FAM184A,Fam184a,hypo
FAM185A,Fam185a,hypo
FAM46B,Fam46b,hypo
FAM57A,Fam57a,hypo
FAM64A,Fam64a,hypo
FAM72D,Fam72d,hypo
FAM76A,Fam76a,hypo
FAM78B,Fam78b,hypo
FAM89B,Fam89b,hypo
FAM98C,Fam98c,hypo
FAM9C,Fam9c,hypo
FANCC,Fancc,hypo
FANCE,Fance,hypo
FANCG,Fancg,hypo
FAT2,Fat2,hypo
FBXL12,Fbxl12,hypo
FBXL22,Fbxl22,hypo
FBXL5,Fbxl5,hypo
FBXL6,Fbxl6,hypo
FBXO17,Fbxo17,hypo
FBXO21,Fbxo21,hypo
FBXO27,Fbxo27,hypo
FBXO31,Fbxo31,hypo
FBXO4,Fbxo4,hypo
FBXO44,Fbxo44,hypo
FBXO5,Fbxo5,hypo
FBXO6,Fbxo6,hypo
FBXW10,Fbxw10,hypo
FBXW12,Fbxw12,hypo
FBXW9,Fbxw9,hypo
FCRL6,Fcrl6,hypo
FCRLB,Fcrlb,hypo
FDXR,Fdxr,hypo
FEM1A,Fem1a,hypo
FGF14,Fgf14,hypo
FGF17,Fgf17,hypo
FGF20,Fgf20,hypo
FGF5,Fgf5,hypo
FGF9,Fgf9,hypo
FHOD1,Fhod1,hypo
FKBP14,Fkbp14,hypo
FKBP3,Fkbp3,hypo
FLNA,Flna,hypo
FLRT3,Flrt3,hypo
FLT3,Flt3,hypo
FOXD4L3,Foxd4l3,hypo
FOXH1,Foxh1,hypo
FOXJ2,Foxj2,hypo
FOXJ3,Foxj3,hypo
FOXN3,Foxn3,hypo
FOXRED2,Foxred2,hypo
FPGS,Fpgs,hypo
FREM1,Frem1,hypo
FREM2,Frem2,hypo
FRMD6,Frmd6,hypo
FSCN3,Fscn3,hypo
FSD2,Fsd2,hypo
FSTL5,Fstl5,hypo
FUBP1,Fubp1,hypo
FUS,Fus,hypo
FUT1,Fut1,hypo
FUT2,Fut2,hypo
FUT4,Fut4,hypo
FXYD2,Fxyd2,hypo
FXYD6,Fxyd6,hypo
FZD1,Fzd1,hypo
GABBR2,Gabbr2,hypo
GABRA6,Gabra6,hypo
GABRD,Gabrd,hypo
GABRG3,Gabrg3,hypo
GAK,Gak,hypo
GALK1,Galk1,hypo
GALNT12,Galnt12,hypo
GALNT13,Galnt13,hypo
GALNT7,Galnt7,hypo
GALNT9,Galnt9,hypo
GARNL3,Garnl3,hypo
GCHFR,Gchfr,hypo
GCKR,Gckr,hypo
GCNT1,Gcnt1,hypo
GCNT2,Gcnt2,hypo
GCOM1,Gcom1,hypo
GDAP1L1,Gdap1l1,hypo
GFOD1,Gfod1,hypo
GFOD2,Gfod2,hypo
GFPT2,Gfpt2,hypo
GINS1,Gins1,hypo
GINS2,Gins2,hypo
GIPC2,Gipc2,hypo
GKAP1,Gkap1,hypo
GLCCI1,Glcci1,hypo
GLCE,Glce,hypo
GLDC,Gldc,hypo
GLE1,Gle1,hypo
GLI1,Gli1,hypo
GLIS1,Glis1,hypo
GLRA2,Glra2,hypo
GLRX,Glrx,hypo
GMCL1,Gmcl1,hypo
GMEB1,Gmeb1,hypo
GNB2L1,Gnb2l1,hypo
GNB3,Gnb3,hypo
GNMT,Gnmt,hypo
GNPDA2,Gnpda2,hypo
GNPNAT1,Gnpnat1,hypo
GOLGA6B,Golga6b,hypo
GOLGA7B,Golga7b,hypo
GORAB,Gorab,hypo
GOSR1,Gosr1,hypo
GP6,Gp6,hypo
GPBP1,Gpbp1,hypo
GPLD1,Gpld1,hypo
GPM6A,Gpm6a,hypo
GPR135,Gpr135,hypo
GPR162,Gpr162,hypo
GPR171,Gpr171,hypo
GPR173,Gpr173,hypo
GPR19,Gpr19,hypo
GPR22,Gpr22,hypo
GPR68,Gpr68,hypo
GPR83,Gpr83,hypo
GPR98,Gpr98,hypo
GPRC5C,Gprc5c,hypo
GPRIN1,Gprin1,hypo
GPRIN2,Gprin2,hypo
GPSM1,Gpsm1,hypo
GRAMD1A,Gramd1a,hypo
GRB7,Grb7,hypo
GRHL1,Grhl1,hypo
GRIA1,Gria1,hypo
GRIA4,Gria4,hypo
GRID2,Grid2,hypo
GRIK2,Grik2,hypo
GRIK5,Grik5,hypo
GRIN2C,Grin2c,hypo
GRINA,Grina,hypo
GRIPAP1,Gripap1,hypo
GRK1,Grk1,hypo
GRK4,Grk4,hypo
GRM1,Grm1,hypo
GRM6,Grm6,hypo
GSDMB,Gsdmb,hypo
GSG1,Gsg1,hypo
GSTA4,Gsta4,hypo
GTF2E2,Gtf2e2,hypo
GTF2F1,Gtf2f1,hypo
GTF2H4,Gtf2h4,hypo
GTF3C5,Gtf3c5,hypo
H2AFY2,H2afy2,hypo
H3F3B,H3f3b,hypo
HARS2,Hars2,hypo
HAS2,Has2,hypo
HAUS1,Haus1,hypo
HCG27,Hcg27,hypo
HCK,Hck,hypo
HDAC5,Hdac5,hypo
HDAC6,Hdac6,hypo
HDDC2,Hddc2,hypo
HEATR4,Heatr4,hypo
HECTD2,Hectd2,hypo
HELLS,Hells,hypo
HELQ,Helq,hypo
HEPACAM2,Hepacam2,hypo
HEXDC,Hexdc,hypo
HFM1,Hfm1,hypo
HGFAC,Hgfac,hypo
HIATL2,Hiatl2,hypo
HINFP,Hinfp,hypo
HIST1H1B,Hist1h1b,hypo
HIST1H1D,Hist1h1d,hypo
HIST1H2BC,Hist1h2bc,hypo
HIST1H2BD,Hist1h2bd,hypo
HIST1H2BG,Hist1h2bg,hypo
HIST1H2BJ,Hist1h2bj,hypo
HIST1H2BN,Hist1h2bn,hypo
HIST1H4A,Hist1h4a,hypo
HIST1H4B,Hist1h4b,hypo
HIST1H4C,Hist1h4c,hypo
HIST1H4F,Hist1h4f,hypo
HIST1H4H,Hist1h4h,hypo
HIST2H2BE,Hist2h2be,hypo
HIST2H3A,Hist2h3a,hypo
HIST3H2BB,Hist3h2bb,hypo
HK1,Hk1,hypo
HMCN2,Hmcn2,hypo
HN1,Hn1,hypo
HNRNPA2B1,Hnrnpa2b1,hypo
HNRNPD,Hnrnpd,hypo
HNRNPH1,Hnrnph1,hypo
HNRNPH3,Hnrnph3,hypo
HNRNPK,Hnrnpk,hypo
HPCAL1,Hpcal1,hypo
HPCAL4,Hpcal4,hypo
HPS4,Hps4,hypo
HPX,Hpx,hypo
HS3ST1,Hs3st1,hypo
HSD17B11,Hsd17b11,hypo
HSD17B13,Hsd17b13,hypo
HSD17B14,Hsd17b14,hypo
HSF2,Hsf2,hypo
HSF4,Hsf4,hypo
HSF5,Hsf5,hypo
HSPA14,Hspa14,hypo
HSPB7,Hspb7,hypo
HTR5A,Htr5a,hypo
HYI,Hyi,hypo
HYLS1,Hyls1,hypo
IARS,Iars,hypo
IBSP,Ibsp,hypo
ICA1L,Ica1l,hypo
IDNK,Idnk,hypo
IDUA,Idua,hypo
IER3IP1,Ier3ip1,hypo
IFFO2,Iffo2,hypo
IFNE,Ifne,hypo
IGDCC3,Igdcc3,hypo
IGHMBP2,Ighmbp2,hypo
IGSF21,Igsf21,hypo
IHH,Ihh,hypo
IKZF3,Ikzf3,hypo
IL11,Il11,hypo
IL15,Il15,hypo
IL16,Il16,hypo
IL27RA,Il27ra,hypo
ILF3,Ilf3,hypo
IMMP1L,Immp1l,hypo
IMMP2L,Immp2l,hypo
INADL,Inadl,hypo
INCENP,Incenp,hypo
ING3,Ing3,hypo
INHA,Inha,hypo
INO80,Ino80,hypo
INO80E,Ino80e,hypo
INPP4A,Inpp4a,hypo
INPP5B,Inpp5b,hypo
INPP5J,Inpp5j,hypo
INSM1,Insm1,hypo
INTS10,Ints10,hypo
INTS4L2,Ints4l2,hypo
IP6K2,Ip6k2,hypo
IQCC,Iqcc,hypo
IRF6,Irf6,hypo
ISG20L2,Isg20l2,hypo
ITFG2,Itfg2,hypo
ITGA2B,Itga2b,hypo
ITGA3,Itga3,hypo
ITGBL1,Itgbl1,hypo
ITPKA,Itpka,hypo
JAK3,Jak3,hypo
JMJD7-PLA2G4B,Jmjd7-pla2g4b,hypo
JPH4,Jph4,hypo
JTB,Jtb,hypo
JUP,Jup,hypo
KBTBD7,Kbtbd7,hypo
KCNAB3,Kcnab3,hypo
KCND3,Kcnd3,hypo
KCNG1,Kcng1,hypo
KCNH1,Kcnh1,hypo
KCNH7,Kcnh7,hypo
KCNJ13,Kcnj13,hypo
KCNJ3,Kcnj3,hypo
KCNJ6,Kcnj6,hypo
KCNK1,Kcnk1,hypo
KCNK12,Kcnk12,hypo
KCNK13,Kcnk13,hypo
KCNK3,Kcnk3,hypo
KCNN2,Kcnn2,hypo
KCNQ2,Kcnq2,hypo
KCTD12,Kctd12,hypo
KCTD2,Kctd2,hypo
KCTD6,Kctd6,hypo
KCTD8,Kctd8,hypo
KDM4C,Kdm4c,hypo
KDM5B,Kdm5b,hypo
KHDRBS1,Khdrbs1,hypo
KHK,Khk,hypo
KIAA0247,Kiaa0247,hypo
KIAA0513,Kiaa0513,hypo
KIAA0895L,Kiaa0895l,hypo
KIAA0907,Kiaa0907,hypo
KIAA0947,Kiaa0947,hypo
KIAA1024,Kiaa1024,hypo
KIAA1239,Kiaa1239,hypo
KIAA1244,Kiaa1244,hypo
KIAA1432,Kiaa1432,hypo
KIAA1456,Kiaa1456,hypo
KIAA1524,Kiaa1524,hypo
KIAA1614,Kiaa1614,hypo
KIAA1683,Kiaa1683,hypo
KIAA1731,Kiaa1731,hypo
KIAA1875,Kiaa1875,hypo
KIAA2018,Kiaa2018,hypo
KIF18B,Kif18b,hypo
KIF20B,Kif20b,hypo
KIF5C,Kif5c,hypo
KIFC2,Kifc2,hypo
KIN,Kin,hypo
KLF11,Klf11,hypo
KLF6,Klf6,hypo
KLHDC8A,Klhdc8a,hypo
KLHL1,Klhl1,hypo
KLHL22,Klhl22,hypo
KLHL23,Klhl23,hypo
KLHL28,Klhl28,hypo
KLHL3,Klhl3,hypo
KLHL38,Klhl38,hypo
KLHL8,Klhl8,hypo
KLK10,Klk10,hypo
KLK5,Klk5,hypo
KLRG1,Klrg1,hypo
KNTC1,Kntc1,hypo
KPTN,Kptn,hypo
KRT19,Krt19,hypo
KRT33B,Krt33b,hypo
KRTCAP3,Krtcap3,hypo
L1CAM,L1cam,hypo
L1TD1,L1td1,hypo
LAMA5,Lama5,hypo
LAMB1,Lamb1,hypo
LAMC1,Lamc1,hypo
LCAT,Lcat,hypo
LCMT1,Lcmt1,hypo
LCMT2,Lcmt2,hypo
LCN8,Lcn8,hypo
LCOR,Lcor,hypo
LCP1,Lcp1,hypo
LDLRAD3,Ldlrad3,hypo
LEFTY1,Lefty1,hypo
LEFTY2,Lefty2,hypo
LETM2,Letm2,hypo
LGALS3,Lgals3,hypo
LIG1,Lig1,hypo
LILRA5,Lilra5,hypo
LIMA1,Lima1,hypo
LIN7A,Lin7a,hypo
LINGO1,Lingo1,hypo
LIPJ,Lipj,hypo
LMAN2L,Lman2l,hypo
LMBR1L,Lmbr1l,hypo
LMNB1,Lmnb1,hypo
LNX2,Lnx2,hypo
LOR,Lor,hypo
LOX,Lox,hypo
LPAR4,Lpar4,hypo
LRCH1,Lrch1,hypo
LRCH2,Lrch2,hypo
LRFN4,Lrfn4,hypo
LRRC16B,Lrrc16b,hypo
LRRC28,Lrrc28,hypo
LRRC38,Lrrc38,hypo
LRRC3B,Lrrc3b,hypo
LRRC4,Lrrc4,hypo
LRRC56,Lrrc56,hypo
LRRK1,Lrrk1,hypo
LRSAM1,Lrsam1,hypo
LRWD1,Lrwd1,hypo
LSM6,Lsm6,hypo
LTA4H,Lta4h,hypo
LTK,Ltk,hypo
LURAP1L,Lurap1l,hypo
LXN,Lxn,hypo
LY6E,Ly6e,hypo
LYN,Lyn,hypo
LYST,Lyst,hypo
LZTR1,Lztr1,hypo
MAB21L1,Mab21l1,hypo
MACROD1,Macrod1,hypo
MAD2L1,Mad2l1,hypo
MAD2L2,Mad2l2,hypo
MADD,Madd,hypo
MAEL,Mael,hypo
MAF1,Maf1,hypo
MAGEE2,Magee2,hypo
MALT1,Malt1,hypo
MAMDC4,Mamdc4,hypo
MAML3,Maml3,hypo
MAN1C1,Man1c1,hypo
MAN2C1,Man2c1,hypo
MAP3K12,Map3k12,hypo
MAP3K19,Map3k19,hypo
MAP4K3,Map4k3,hypo
MAPK11,Mapk11,hypo
MAPK12,Mapk12,hypo
MAPK14,Mapk14,hypo
MAPK8,Mapk8,hypo
MAPKBP1,Mapkbp1,hypo
MARCO,Marco,hypo
MAST1,Mast1,hypo
MBD5,Mbd5,hypo
MBIP,Mbip,hypo
MBLAC1,Mblac1,hypo
MBLAC2,Mblac2,hypo
MBTPS1,Mbtps1,hypo
MCEE,Mcee,hypo
MCM2,Mcm2,hypo
MCM4,Mcm4,hypo
MCM6,Mcm6,hypo
MCTP1,Mctp1,hypo
MDC1,Mdc1,hypo
MDGA1,Mdga1,hypo
MDK,Mdk,hypo
MED13L,Med13l,hypo
MED17,Med17,hypo
MED23,Med23,hypo
MED26,Med26,hypo
MED6,Med6,hypo
MEGF11,Megf11,hypo
MEIS1,Meis1,hypo
MESP1,Mesp1,hypo
METTL10,Mettl10,hypo
METTL14,Mettl14,hypo
METTL6,Mettl6,hypo
MFSD4,Mfsd4,hypo
MFSD7,Mfsd7,hypo
MGAT2,Mgat2,hypo
MGAT4B,Mgat4b,hypo
MICAL2,Mical2,hypo
MICAL3,Mical3,hypo
MIIP,Miip,hypo
MIOS,Mios,hypo
MKNK1,Mknk1,hypo
MLLT10,Mllt10,hypo
MLX,Mlx,hypo
MMP16,Mmp16,hypo
MMP24,Mmp24,hypo
MNS1,Mns1,hypo
MORC3,Morc3,hypo
MOV10L1,Mov10l1,hypo
MPG,Mpg,hypo
MPO,Mpo,hypo
MPP2,Mpp2,hypo
MPP3,Mpp3,hypo
MPP4,Mpp4,hypo
MPP7,Mpp7,hypo
MPZL3,Mpzl3,hypo
MSH4,Msh4,hypo
MSRA,Msra,hypo
MST1R,Mst1r,hypo
MSX2,Msx2,hypo
MTBP,Mtbp,hypo
MTERFD2,Mterfd2,hypo
MTHFD1L,Mthfd1l,hypo
MTMR1,Mtmr1,hypo
MTRF1L,Mtrf1l,hypo
MUC19,Muc19,hypo
MVD,Mvd,hypo
MXD4,Mxd4,hypo
MYCBP,Mycbp,hypo
MYCBPAP,Mycbpap,hypo
MYD88,Myd88,hypo
MYEF2,Myef2,hypo
MYL7,Myl7,hypo
MYNN,Mynn,hypo
MYO15A,Myo15a,hypo
MYO16,Myo16,hypo
MYO1G,Myo1g,hypo
MYO5C,Myo5c,hypo
MYRIP,Myrip,hypo
MYT1,Myt1,hypo
MZF1,Mzf1,hypo
N4BP2L1,N4bp2l1,hypo
NAALADL1,Naaladl1,hypo
NAB1,Nab1,hypo
NAB2,Nab2,hypo
NACA,Naca,hypo
NADK,Nadk,hypo
NAE1,Nae1,hypo
NAGK,Nagk,hypo
NANOS1,Nanos1,hypo
NARS2,Nars2,hypo
NAV3,Nav3,hypo
NBEA,Nbea,hypo
NBPF1,Nbpf1,hypo
NBPF15,Nbpf15,hypo
NCAPG,Ncapg,hypo
NCAPH2,Ncaph2,hypo
NCK2,Nck2,hypo
NCOA1,Ncoa1,hypo
NCOA5,Ncoa5,hypo
NCOA6,Ncoa6,hypo
NDST2,Ndst2,hypo
NDST3,Ndst3,hypo
NECAP1,Necap1,hypo
NEIL1,Neil1,hypo
NEK2,Nek2,hypo
NEUROD1,Neurod1,hypo
NEUROD2,Neurod2,hypo
NEUROD6,Neurod6,hypo
NEUROG2,Neurog2,hypo
NFIB,Nfib,hypo
NFKBID,Nfkbid,hypo
NFKBIE,Nfkbie,hypo
NGDN,Ngdn,hypo
NGLY1,Ngly1,hypo
NHEJ1,Nhej1,hypo
NHLRC4,Nhlrc4,hypo
NIPAL2,Nipal2,hypo
NISCH,Nisch,hypo
NKAIN1,Nkain1,hypo
NKIRAS2,Nkiras2,hypo
NKTR,Nktr,hypo
NLGN1,Nlgn1,hypo
NLRP10,Nlrp10,hypo
NME6,Nme6,hypo
NOL10,Nol10,hypo
NOL11,Nol11,hypo
NOL4,Nol4,hypo
NOS1AP,Nos1ap,hypo
NOXO1,Noxo1,hypo
NPDC1,Npdc1,hypo
NPEPL1,Npepl1,hypo
NPFF,Npff,hypo
NPM1,Npm1,hypo
NPM2,Npm2,hypo
NPTX1,Nptx1,hypo
NPTXR,Nptxr,hypo
NR2C2AP,Nr2c2ap,hypo
NR2F6,Nr2f6,hypo
NR4A3,Nr4a3,hypo
NRBP1,Nrbp1,hypo
NRF1,Nrf1,hypo
NRG4,Nrg4,hypo
NRIP1,Nrip1,hypo
NRK,Nrk,hypo
NRN1,Nrn1,hypo
NRXN2,Nrxn2,hypo
NRXN3,Nrxn3,hypo
NSFL1C,Nsfl1c,hypo
NT5C1A,Nt5c1a,hypo
NT5DC2,Nt5dc2,hypo
NTF3,Ntf3,hypo
NTRK3,Ntrk3,hypo
NUAK2,Nuak2,hypo
NUDC,Nudc,hypo
NUDCD1,Nudcd1,hypo
NUDT16L1,Nudt16l1,hypo
NUMB,Numb,hypo
NUMBL,Numbl,hypo
NUP107,Nup107,hypo
NUP153,Nup153,hypo
NUP160,Nup160,hypo
NUP54,Nup54,hypo
NUP85,Nup85,hypo
NUPL1,Nupl1,hypo
NVL,Nvl,hypo
NXF1,Nxf1,hypo
NXF2,Nxf2,hypo
NXF5,Nxf5,hypo
NXPH3,Nxph3,hypo
OBSCN,Obscn,hypo
OBSL1,Obsl1,hypo
OLFM1,Olfm1,hypo
OR1F1,Or1f1,hypo
OSGEP,Osgep,hypo
OVCA2,Ovca2,hypo
P2RX4,P2rx4,hypo
P2RY11,P2ry11,hypo
P4HA3,P4ha3,hypo
PA2G4,Pa2g4,hypo
PABPN1,Pabpn1,hypo
PAFAH1B3,Pafah1b3,hypo
PAG1,Pag1,hypo
PAH,Pah,hypo
PAK6,Pak6,hypo
PAK7,Pak7,hypo
PAN3,Pan3,hypo
PANX2,Panx2,hypo
PAPD5,Papd5,hypo
PAPOLB,Papolb,hypo
PAPPA2,Pappa2,hypo
PARD6B,Pard6b,hypo
PARG,Parg,hypo
PARP15,Parp15,hypo
PARP16,Parp16,hypo
PARP2,Parp2,hypo
PARP6,Parp6,hypo
PAX2,Pax2,hypo
PAX6,Pax6,hypo
PAXIP1,Paxip1,hypo
PCCA,Pcca,hypo
PCDHA1,Pcdha1,hypo
PCDHA11,Pcdha11,hypo
PCDHA13,Pcdha13,hypo
PCDHA5,Pcdha5,hypo
PCDHA9,Pcdha9,hypo
PCDHAC1,Pcdhac1,hypo
PCDHGA8,Pcdhga8,hypo
PCDHGA9,Pcdhga9,hypo
PCDHGB3,Pcdhgb3,hypo
PCGF3,Pcgf3,hypo
PCID2,Pcid2,hypo
PCK2,Pck2,hypo
PCMTD2,Pcmtd2,hypo
PCOLCE,Pcolce,hypo
PCYOX1L,Pcyox1l,hypo
PDCD2,Pdcd2,hypo
PDE1A,Pde1a,hypo
PDE3B,Pde3b,hypo
PDE4DIP,Pde4dip,hypo
PDE6A,Pde6a,hypo
PDE6D,Pde6d,hypo
PDIA2,Pdia2,hypo
PDIK1L,Pdik1l,hypo
PDK1,Pdk1,hypo
PDK2,Pdk2,hypo
PDLIM1,Pdlim1,hypo
PDLIM2,Pdlim2,hypo
PDRG1,Pdrg1,hypo
PDSS1,Pdss1,hypo
PDXDC1,Pdxdc1,hypo
PDXP,Pdxp,hypo
PDZD4,Pdzd4,hypo
PDZK1,Pdzk1,hypo
PEG10,Peg10,hypo
PER2,Per2,hypo
PGAM2,Pgam2,hypo
PGAP1,Pgap1,hypo
PGM2,Pgm2,hypo
PHEX,Phex,hypo
PHF20L1,Phf20l1,hypo
PHIP,Phip,hypo
PHLPP2,Phlpp2,hypo
PHOSPHO2,Phospho2,hypo
PHTF1,Phtf1,hypo
PI4K2B,Pi4k2b,hypo
PIAS1,Pias1,hypo
PIAS3,Pias3,hypo
PIGH,Pigh,hypo
PIGL,Pigl,hypo
PIGZ,Pigz,hypo
PIH1D1,Pih1d1,hypo
PIK3R3,Pik3r3,hypo
PIK3R5,Pik3r5,hypo
PILRA,Pilra,hypo
PILRB,Pilrb,hypo
PIM2,Pim2,hypo
PIP5K1B,Pip5k1b,hypo
PISD,Pisd,hypo
PITPNM3,Pitpnm3,hypo
PKD1,Pkd1,hypo
PKIA,Pkia,hypo
PKIB,Pkib,hypo
PKIG,Pkig,hypo
PKN3,Pkn3,hypo
PKNOX2,Pknox2,hypo
PLA2G2C,Pla2g2c,hypo
PLAC8L1,Plac8l1,hypo
PLAG1,Plag1,hypo
PLCH2,Plch2,hypo
PLCL2,Plcl2,hypo
PLEKHF2,Plekhf2,hypo
PLEKHG5,Plekhg5,hypo
PLEKHO1,Plekho1,hypo
PLGLB1,Plglb1,hypo
PLGLB2,Plglb2,hypo
PLK1,Plk1,hypo
PLP2,Plp2,hypo
PLXNB2,Plxnb2,hypo
PLXNC1,Plxnc1,hypo
PM20D1,Pm20d1,hypo
PMF1,Pmf1,hypo
PMS1,Pms1,hypo
PNPLA2,Pnpla2,hypo
PNRC1,Pnrc1,hypo
PODNL1,Podnl1,hypo
PODXL2,Podxl2,hypo
POLA2,Pola2,hypo
POLB,Polb,hypo
POLD2,Pold2,hypo
POLE,Pole,hypo
POLE3,Pole3,hypo
POLG,Polg,hypo
POLG2,Polg2,hypo
POLN,Poln,hypo
POLQ,Polq,hypo
POLR1E,Polr1e,hypo
POLR2H,Polr2h,hypo
POLR3C,Polr3c,hypo
POLR3E,Polr3e,hypo
POLR3F,Polr3f,hypo
POLR3K,Polr3k,hypo
POP1,Pop1,hypo
POPDC2,Popdc2,hypo
PPA1,Ppa1,hypo
PPAPDC1B,Ppapdc1b,hypo
PPARGC1B,Ppargc1b,hypo
PPFIA3,Ppfia3,hypo
PPFIA4,Ppfia4,hypo
PPHLN1,Pphln1,hypo
PPIL2,Ppil2,hypo
PPIL6,Ppil6,hypo
PPL,Ppl,hypo
PPM1D,Ppm1d,hypo
PPM1J,Ppm1j,hypo
PPOX,Ppox,hypo
PPP1R12A,Ppp1r12a,hypo
PPP1R1C,Ppp1r1c,hypo
PPT2,Ppt2,hypo
PQBP1,Pqbp1,hypo
PQLC2,Pqlc2,hypo
PRAP1,Prap1,hypo
PRC1,Prc1,hypo
PRCD,Prcd,hypo
PRDM10,Prdm10,hypo
PREB,Preb,hypo
PRH1,Prh1,hypo
PRIM1,Prim1,hypo
PRKAA2,Prkaa2,hypo
PRKAR2A,Prkar2a,hypo
PRKCD,Prkcd,hypo
PRKCZ,Prkcz,hypo
PRKG1,Prkg1,hypo
PROCA1,Proca1,hypo
PROK1,Prok1,hypo
PROKR2,Prokr2,hypo
PRPF39,Prpf39,hypo
PRPF4B,Prpf4b,hypo
PRPF6,Prpf6,hypo
PRPH,Prph,hypo
PRPSAP2,Prpsap2,hypo
PRR14,Prr14,hypo
PRR16,Prr16,hypo
PRR3,Prr3,hypo
PRRC1,Prrc1,hypo
PRRT1,Prrt1,hypo
PRRT2,Prrt2,hypo
PRSS3,Prss3,hypo
PSD3,Psd3,hypo
PSIP1,Psip1,hypo
PTCH1,Ptch1,hypo
PTCH2,Ptch2,hypo
PTCHD1,Ptchd1,hypo
PTGER3,Ptger3,hypo
PTGES2,Ptges2,hypo
PTK6,Ptk6,hypo
PTPN2,Ptpn2,hypo
PTPN9,Ptpn9,hypo
PTPRR,Ptprr,hypo
PTX3,Ptx3,hypo
PURB,Purb,hypo
PUS3,Pus3,hypo
PUS7L,Pus7l,hypo
PXT1,Pxt1,hypo
PYCARD,Pycard,hypo
PYDC1,Pydc1,hypo
PYDC2,Pydc2,hypo
QRICH1,Qrich1,hypo
QSOX2,Qsox2,hypo
QTRT1,Qtrt1,hypo
RAB11FIP1,Rab11fip1,hypo
RAB12,Rab12,hypo
RAB24,Rab24,hypo
RAB26,Rab26,hypo
RAB27A,Rab27a,hypo
RAB28,Rab28,hypo
RAB33B,Rab33b,hypo
RAB3IP,Rab3ip,hypo
RAB43,Rab43,hypo
RAD23B,Rad23b,hypo
RAD51AP2,Rad51ap2,hypo
RAD51C,Rad51c,hypo
RAD9A,Rad9a,hypo
RAE1,Rae1,hypo
RAF1,Raf1,hypo
RANBP10,Ranbp10,hypo
RAPGEF6,Rapgef6,hypo
RARG,Rarg,hypo
RARS,Rars,hypo
RASA2,Rasa2,hypo
RASGEF1C,Rasgef1c,hypo
RASIP1,Rasip1,hypo
RASL11B,Rasl11b,hypo
RASSF7,Rassf7,hypo
RAVER2,Raver2,hypo
RBCK1,Rbck1,hypo
RBFA,Rbfa,hypo
RBM10,Rbm10,hypo
RBM12,Rbm12,hypo
RBM23,Rbm23,hypo
RBM4,Rbm4,hypo
RBM44,Rbm44,hypo
RBM5,Rbm5,hypo
RBMX2,Rbmx2,hypo
RBMXL1,Rbmxl1,hypo
RBP5,Rbp5,hypo
RC3H1,Rc3h1,hypo
RCE1,Rce1,hypo
RCN1,Rcn1,hypo
RCOR1,Rcor1,hypo
RDH13,Rdh13,hypo
RECK,Reck,hypo
RECQL4,Recql4,hypo
REL,Rel,hypo
RELN,Reln,hypo
REV3L,Rev3l,hypo
RFC2,Rfc2,hypo
RFC3,Rfc3,hypo
RFC4,Rfc4,hypo
RFC5,Rfc5,hypo
RFTN1,Rftn1,hypo
RFWD2,Rfwd2,hypo
RFWD3,Rfwd3,hypo
RFXAP,Rfxap,hypo
RGL4,Rgl4,hypo
RGP1,Rgp1,hypo
RGS11,Rgs11,hypo
RGS7,Rgs7,hypo
RHOXF1,Rhoxf1,hypo
RIC3,Ric3,hypo
RIMS1,Rims1,hypo
RIT2,Rit2,hypo
RLTPR,Rltpr,hypo
RMND1,Rmnd1,hypo
RMND5A,Rmnd5a,hypo
RNASEH2A,Rnaseh2a,hypo
RNF103,Rnf103,hypo
RNF112,Rnf112,hypo
RNF115,Rnf115,hypo
RNF122,Rnf122,hypo
RNF133,Rnf133,hypo
RNF148,Rnf148,hypo
RNF150,Rnf150,hypo
RNF165,Rnf165,hypo
RNF168,Rnf168,hypo
RNF2,Rnf2,hypo
RNF219,Rnf219,hypo
RNF40,Rnf40,hypo
RNF41,Rnf41,hypo
RNFT1,Rnft1,hypo
RNGTT,Rngtt,hypo
RNPEP,Rnpep,hypo
RP11-770J1.4,Rp11-770j1.4,hypo
RP11-89N17.1,Rp11-89n17.1,hypo
RPH3AL,Rph3al,hypo
RPIA,Rpia,hypo
RPL10,Rpl10,hypo
RPL10A,Rpl10a,hypo
RPL13A,Rpl13a,hypo
RPL3,Rpl3,hypo
RPL37A,Rpl37a,hypo
RPL5,Rpl5,hypo
RPL7A,Rpl7a,hypo
RPL7L1,Rpl7l1,hypo
RPL9,Rpl9,hypo
RPP14,Rpp14,hypo
RPRML,Rprml,hypo
RPS15A,Rps15a,hypo
RPS21,Rps21,hypo
RPS27A,Rps27a,hypo
RPS4Y1,Rps4y1,hypo
RPS5,Rps5,hypo
RPS6KA4,Rps6ka4,hypo
RPS7,Rps7,hypo
RPS9,Rps9,hypo
RPUSD3,Rpusd3,hypo
RRAGD,Rragd,hypo
RRAS2,Rras2,hypo
RRN3,Rrn3,hypo
RRP15,Rrp15,hypo
RSBN1L,Rsbn1l,hypo
RSF1,Rsf1,hypo
RSPH10B,Rsph10b,hypo
RSPH9,Rsph9,hypo
RSPO1,Rspo1,hypo
RSPO3,Rspo3,hypo
RSRC2,Rsrc2,hypo
RTF1,Rtf1,hypo
RTN1,Rtn1,hypo
RUNDC3A,Rundc3a,hypo
RUNDC3B,Rundc3b,hypo
RUNX1T1,Runx1t1,hypo
RYK,Ryk,hypo
RYR2,Ryr2,hypo
S100P,S100p,hypo
SALL4,Sall4,hypo
SAMD14,Samd14,hypo
SARM1,Sarm1,hypo
SARNP,Sarnp,hypo
SART3,Sart3,hypo
SAT2,Sat2,hypo
SBNO1,Sbno1,hypo
SCAND3,Scand3,hypo
SCGN,Scgn,hypo
SCN2A,Scn2a,hypo
SCN5A,Scn5a,hypo
SCN9A,Scn9a,hypo
SCNN1G,Scnn1g,hypo
SCRN1,Scrn1,hypo
SCUBE2,Scube2,hypo
SDCCAG3,Sdccag3,hypo
SDHAF1,Sdhaf1,hypo
SEC23IP,Sec23ip,hypo
SEC24A,Sec24a,hypo
SEC24D,Sec24d,hypo
SEC31B,Sec31b,hypo
SEMA4F,Sema4f,hypo
SEMA6C,Sema6c,hypo
SENP1,Senp1,hypo
SESN1,Sesn1,hypo
SETBP1,Setbp1,hypo
SETD1B,Setd1b,hypo
SETD6,Setd6,hypo
SETDB1,Setdb1,hypo
SEZ6,Sez6,hypo
SFI1,Sfi1,hypo
SFXN3,Sfxn3,hypo
SGCA,Sgca,hypo
SGCZ,Sgcz,hypo
SGMS2,Sgms2,hypo
SGSM1,Sgsm1,hypo
SH2B1,Sh2b1,hypo
SH2D3C,Sh2d3c,hypo
SH3BP5,Sh3bp5,hypo
SH3GL2,Sh3gl2,hypo
SHANK1,Shank1,hypo
SHCBP1,Shcbp1,hypo
SHF,Shf,hypo
SHMT1,Shmt1,hypo
SHOC2,Shoc2,hypo
SHPRH,Shprh,hypo
SHROOM3,Shroom3,hypo
SIAH3,Siah3,hypo
SIDT1,Sidt1,hypo
SIRT4,Sirt4,hypo
SIRT7,Sirt7,hypo
SKOR1,Skor1,hypo
SLC16A13,Slc16a13,hypo
SLC16A5,Slc16a5,hypo
SLC16A9,Slc16a9,hypo
SLC17A7,Slc17a7,hypo
SLC1A6,Slc1a6,hypo
SLC22A14,Slc22a14,hypo
SLC25A34,Slc25a34,hypo
SLC25A41,Slc25a41,hypo
SLC25A42,Slc25a42,hypo
SLC25A43,Slc25a43,hypo
SLC25A44,Slc25a44,hypo
SLC26A10,Slc26a10,hypo
SLC26A2,Slc26a2,hypo
SLC26A5,Slc26a5,hypo
SLC27A2,Slc27a2,hypo
SLC27A3,Slc27a3,hypo
SLC2A14,Slc2a14,hypo
SLC35A1,Slc35a1,hypo
SLC35F3,Slc35f3,hypo
SLC35F4,Slc35f4,hypo
SLC36A1,Slc36a1,hypo
SLC37A1,Slc37a1,hypo
SLC37A4,Slc37a4,hypo
SLC44A3,Slc44a3,hypo
SLC46A2,Slc46a2,hypo
SLC5A5,Slc5a5,hypo
SLC6A7,Slc6a7,hypo
SLC7A4,Slc7a4,hypo
SLC8A2,Slc8a2,hypo
SLIT3,Slit3,hypo
SLITRK4,Slitrk4,hypo
SLN,Sln,hypo
SMAD1,Smad1,hypo
SMAD4,Smad4,hypo
SMARCA1,Smarca1,hypo
SMARCAD1,Smarcad1,hypo
SMARCB1,Smarcb1,hypo
SMC5,Smc5,hypo
SMG7,Smg7,hypo
SMPD2,Smpd2,hypo
SMPDL3A,Smpdl3a,hypo
SMS,Sms,hypo
SMYD3,Smyd3,hypo
SNAI2,Snai2,hypo
SNAP25,Snap25,hypo
SNCA,Snca,hypo
SNIP1,Snip1,hypo
SNRNP200,Snrnp200,hypo
SNX15,Snx15,hypo
SOBP,Sobp,hypo
SOCS5,Socs5,hypo
SOX15,Sox15,hypo
SOX4,Sox4,hypo
SP8,Sp8,hypo
SPAG1,Spag1,hypo
SPATA20,Spata20,hypo
SPATA5L1,Spata5l1,hypo
SPATA7,Spata7,hypo
SPATS1,Spats1,hypo
SPATS2,Spats2,hypo
SPC25,Spc25,hypo
SPDYE1,Spdye1,hypo
SPEG,Speg,hypo
SPHKAP,Sphkap,hypo
SPINT1,Spint1,hypo
SPON2,Spon2,hypo
SPRED2,Spred2,hypo
SPRN,Sprn,hypo
SPRY1,Spry1,hypo
SPRY2,Spry2,hypo
SPSB3,Spsb3,hypo
SPTBN4,Sptbn4,hypo
SPTBN5,Sptbn5,hypo
SQSTM1,Sqstm1,hypo
SRA1,Sra1,hypo
SRF,Srf,hypo
SRGAP2,Srgap2,hypo
SRGAP3,Srgap3,hypo
SRRD,Srrd,hypo
SRSF1,Srsf1,hypo
SS18L1,Ss18l1,hypo
SSBP3,Ssbp3,hypo
SSTR2,Sstr2,hypo
ST20,St20,hypo
ST3GAL2,St3gal2,hypo
ST6GALNAC6,St6galnac6,hypo
ST7,St7,hypo
ST8SIA5,St8sia5,hypo
STAC,Stac,hypo
STAMBPL1,Stambpl1,hypo
STK10,Stk10,hypo
STK11IP,Stk11ip,hypo
STK19,Stk19,hypo
STK31,Stk31,hypo
STK38,Stk38,hypo
STON1,Ston1,hypo
STRA13,Stra13,hypo
STX1A,Stx1a,hypo
STX3,Stx3,hypo
STXBP5L,Stxbp5l,hypo
SULT1A1,Sult1a1,hypo
SULT1A2,Sult1a2,hypo
SULT1A4,Sult1a4,hypo
SUMO2,Sumo2,hypo
SUV39H1,Suv39h1,hypo
SUV39H2,Suv39h2,hypo
SUV420H1,Suv420h1,hypo
SV2B,Sv2b,hypo
SVEP1,Svep1,hypo
SVOP,Svop,hypo
SYCE1,Syce1,hypo
SYCP3,Sycp3,hypo
SYNE2,Syne2,hypo
SYNGR1,Syngr1,hypo
SYT12,Syt12,hypo
SYT13,Syt13,hypo
SYT4,Syt4,hypo
SYTL1,Sytl1,hypo
SYTL2,Sytl2,hypo
TACC2,Tacc2,hypo
TAF1B,Taf1b,hypo
TAF2,Taf2,hypo
TAF4,Taf4,hypo
TAF5,Taf5,hypo
TARBP1,Tarbp1,hypo
TARBP2,Tarbp2,hypo
TAS2R20,Tas2r20,hypo
TAS2R3,Tas2r3,hypo
TBC1D22B,Tbc1d22b,hypo
TBC1D24,Tbc1d24,hypo
TBC1D25,Tbc1d25,hypo
TBC1D29,Tbc1d29,hypo
TBC1D3,Tbc1d3,hypo
TBC1D9,Tbc1d9,hypo
TBCCD1,Tbccd1,hypo
TBPL1,Tbpl1,hypo
TCEAL1,Tceal1,hypo
TCERG1L,Tcerg1l,hypo
TCF19,Tcf19,hypo
TCF4,Tcf4,hypo
TCP10L,Tcp10l,hypo
TCP11,Tcp11,hypo
TCTE1,Tcte1,hypo
TDRD6,Tdrd6,hypo
TDRKH,Tdrkh,hypo
TEFM,Tefm,hypo
TELO2,Telo2,hypo
TERF1,Terf1,hypo
TERF2,Terf2,hypo
TERF2IP,Terf2ip,hypo
TEX14,Tex14,hypo
TFAP2A,Tfap2a,hypo
TFAP2E,Tfap2e,hypo
TFB2M,Tfb2m,hypo
TFRC,Tfrc,hypo
TG,Tg,hypo
TGFBRAP1,Tgfbrap1,hypo
TGM1,Tgm1,hypo
TGM3,Tgm3,hypo
THAP1,Thap1,hypo
THOC3,Thoc3,hypo
THPO,Thpo,hypo
THRA,Thra,hypo
THUMPD2,Thumpd2,hypo
TIAM1,Tiam1,hypo
TIGD2,Tigd2,hypo
TIGD3,Tigd3,hypo
TIGD6,Tigd6,hypo
TIMM44,Timm44,hypo
TIMP1,Timp1,hypo
TIMP4,Timp4,hypo
TLE2,Tle2,hypo
TLE3,Tle3,hypo
TLL1,Tll1,hypo
TM6SF1,Tm6sf1,hypo
TMC2,Tmc2,hypo
TMC5,Tmc5,hypo
TMCC1,Tmcc1,hypo
TMCO3,Tmco3,hypo
TMED3,Tmed3,hypo
TMEM106C,Tmem106c,hypo
TMEM108,Tmem108,hypo
TMEM159,Tmem159,hypo
TMEM161A,Tmem161a,hypo
TMEM161B,Tmem161b,hypo
TMEM198,Tmem198,hypo
TMEM2,Tmem2,hypo
TMEM240,Tmem240,hypo
TMEM25,Tmem25,hypo
TMEM51,Tmem51,hypo
TMEM57,Tmem57,hypo
TMEM61,Tmem61,hypo
TMEM62,Tmem62,hypo
TMEM63C,Tmem63c,hypo
TMEM74,Tmem74,hypo
TMEM8B,Tmem8b,hypo
TMIE,Tmie,hypo
TMPRSS9,Tmprss9,hypo
TMSB15A,Tmsb15a,hypo
TMSB15B,Tmsb15b,hypo
TNFAIP8L1,Tnfaip8l1,hypo
TNFRSF25,Tnfrsf25,hypo
TNFRSF4,Tnfrsf4,hypo
TNFRSF6B,Tnfrsf6b,hypo
TNFSF9,Tnfsf9,hypo
TNN,Tnn,hypo
TNPO3,Tnpo3,hypo
TOE1,Toe1,hypo
TOP2B,Top2b,hypo
TOP3A,Top3a,hypo
TOR1B,Tor1b,hypo
TOR2A,Tor2a,hypo
TP53I11,Tp53i11,hypo
TPCN2,Tpcn2,hypo
TPM1,Tpm1,hypo
TPRKB,Tprkb,hypo
TPTE2,Tpte2,hypo
TRAIP,Traip,hypo
TRAK1,Trak1,hypo
TRDN,Trdn,hypo
TRHDE,Trhde,hypo
TRIB2,Trib2,hypo
TRIB3,Trib3,hypo
TRIM11,Trim11,hypo
TRIM17,Trim17,hypo
TRIM28,Trim28,hypo
TRIM3,Trim3,hypo
TRIM32,Trim32,hypo
TRIM4,Trim4,hypo
TRIM50,Trim50,hypo
TRIM52,Trim52,hypo
TRIM55,Trim55,hypo
TRIM67,Trim67,hypo
TRIM68,Trim68,hypo
TRIM7,Trim7,hypo
TRIP13,Trip13,hypo
TRMT11,Trmt11,hypo
TRMT2A,Trmt2a,hypo
TRMT6,Trmt6,hypo
TRNAU1AP,Trnau1ap,hypo
TSC2,Tsc2,hypo
TSC22D3,Tsc22d3,hypo
TSEN2,Tsen2,hypo
TSHZ1,Tshz1,hypo
TSPAN17,Tspan17,hypo
TSPAN33,Tspan33,hypo
TSPAN4,Tspan4,hypo
TSPAN5,Tspan5,hypo
TSPAN9,Tspan9,hypo
TSPYL2,Tspyl2,hypo
TTC19,Ttc19,hypo
TTC31,Ttc31,hypo
TTC5,Ttc5,hypo
TTC7B,Ttc7b,hypo
TTC9B,Ttc9b,hypo
TTLL1,Ttll1,hypo
TTYH3,Ttyh3,hypo
TUBGCP2,Tubgcp2,hypo
TUBGCP6,Tubgcp6,hypo
TUFT1,Tuft1,hypo
TUSC3,Tusc3,hypo
TWF2,Twf2,hypo
TWIST2,Twist2,hypo
TXNDC11,Txndc11,hypo
TXNL4B,Txnl4b,hypo
TXNRD2,Txnrd2,hypo
TYRO3,Tyro3,hypo
U2AF1L4,U2af1l4,hypo
UAP1,Uap1,hypo
UBA2,Uba2,hypo
UBAP1L,Ubap1l,hypo
UBASH3B,Ubash3b,hypo
UBE2I,Ube2i,hypo
UBE2Q1,Ube2q1,hypo
UBE2QL1,Ube2ql1,hypo
UBN1,Ubn1,hypo
UBP1,Ubp1,hypo
UBQLN3,Ubqln3,hypo
UBTD2,Ubtd2,hypo
UBTF,Ubtf,hypo
UHRF2,Uhrf2,hypo
UIMC1,Uimc1,hypo
ULBP2,Ulbp2,hypo
ULK3,Ulk3,hypo
UNC13B,Unc13b,hypo
UNC13C,Unc13c,hypo
UNC5A,Unc5a,hypo
UNC5D,Unc5d,hypo
UPF3A,Upf3a,hypo
UPP2,Upp2,hypo
USP1,Usp1,hypo
USP15,Usp15,hypo
USP22,Usp22,hypo
USP28,Usp28,hypo
USP3,Usp3,hypo
USP44,Usp44,hypo
USP45,Usp45,hypo
USP47,Usp47,hypo
USP9Y,Usp9y,hypo
UTP6,Utp6,hypo
VCAN,Vcan,hypo
VCL,Vcl,hypo
VDR,Vdr,hypo
VEPH1,Veph1,hypo
VHL,Vhl,hypo
VHLL,Vhll,hypo
VIPR1,Vipr1,hypo
VIT,Vit,hypo
VN1R1,Vn1r1,hypo
VPS13A,Vps13a,hypo
VPS33B,Vps33b,hypo
VPS37A,Vps37a,hypo
VPS37D,Vps37d,hypo
VPS45,Vps45,hypo
VSIG8,Vsig8,hypo
VSNL1,Vsnl1,hypo
WBSCR17,Wbscr17,hypo
WBSCR27,Wbscr27,hypo
WDR17,Wdr17,hypo
WDR19,Wdr19,hypo
WDR52,Wdr52,hypo
WDR76,Wdr76,hypo
WDR90,Wdr90,hypo
WDR92,Wdr92,hypo
WEE1,Wee1,hypo
WFDC1,Wfdc1,hypo
WFIKKN1,Wfikkn1,hypo
WFIKKN2,Wfikkn2,hypo
WHSC1,Whsc1,hypo
WHSC1L1,Whsc1l1,hypo
WNK4,Wnk4,hypo
WRAP53,Wrap53,hypo
WRNIP1,Wrnip1,hypo
WSCD2,Wscd2,hypo
WTAP,Wtap,hypo
WTIP,Wtip,hypo
XK,Xk,hypo
XKR6,Xkr6,hypo
XKR7,Xkr7,hypo
XRCC2,Xrcc2,hypo
XRCC6BP1,Xrcc6bp1,hypo
XRN2,Xrn2,hypo
XRRA1,Xrra1,hypo
XYLB,Xylb,hypo
YEATS4,Yeats4,hypo
YIPF7,Yipf7,hypo
YKT6,Ykt6,hypo
YPEL3,Ypel3,hypo
YPEL4,Ypel4,hypo
YTHDC1,Ythdc1,hypo
YY2,Yy2,hypo
ZBED5,Zbed5,hypo
ZBTB44,Zbtb44,hypo
ZBTB46,Zbtb46,hypo
ZBTB48,Zbtb48,hypo
ZBTB8A,Zbtb8a,hypo
ZC3H18,Zc3h18,hypo
ZC3H7A,Zc3h7a,hypo
ZCCHC11,Zcchc11,hypo
ZCCHC12,Zcchc12,hypo
ZCCHC14,Zcchc14,hypo
ZCCHC18,Zcchc18,hypo
ZDBF2,Zdbf2,hypo
ZDHHC18,Zdhhc18,hypo
ZDHHC21,Zdhhc21,hypo
ZFAND1,Zfand1,hypo
ZFAND2B,Zfand2b,hypo
ZFAND6,Zfand6,hypo
ZFP2,Zfp2,hypo
ZFP30,Zfp30,hypo
ZFP82,Zfp82,hypo
ZFPM2,Zfpm2,hypo
ZFX,Zfx,hypo
ZFYVE28,Zfyve28,hypo
ZIC5,Zic5,hypo
ZIK1,Zik1,hypo
ZIM2,Zim2,hypo
ZMIZ1,Zmiz1,hypo
ZMYM1,Zmym1,hypo
ZMYND19,Zmynd19,hypo
ZNF12,Znf12,hypo
ZNF124,Znf124,hypo
ZNF131,Znf131,hypo
ZNF133,Znf133,hypo
ZNF134,Znf134,hypo
ZNF136,Znf136,hypo
ZNF143,Znf143,hypo
ZNF154,Znf154,hypo
ZNF177,Znf177,hypo
ZNF180,Znf180,hypo
ZNF202,Znf202,hypo
ZNF212,Znf212,hypo
ZNF219,Znf219,hypo
ZNF23,Znf23,hypo
ZNF230,Znf230,hypo
ZNF232,Znf232,hypo
ZNF233,Znf233,hypo
ZNF236,Znf236,hypo
ZNF250,Znf250,hypo
ZNF251,Znf251,hypo
ZNF256,Znf256,hypo
ZNF26,Znf26,hypo
ZNF266,Znf266,hypo
ZNF274,Znf274,hypo
ZNF296,Znf296,hypo
ZNF30,Znf30,hypo
ZNF300,Znf300,hypo
ZNF324,Znf324,hypo
ZNF330,Znf330,hypo
ZNF331,Znf331,hypo
ZNF335,Znf335,hypo
ZNF337,Znf337,hypo
ZNF33B,Znf33b,hypo
ZNF345,Znf345,hypo
ZNF346,Znf346,hypo
ZNF347,Znf347,hypo
ZNF350,Znf350,hypo
ZNF391,Znf391,hypo
ZNF398,Znf398,hypo
ZNF416,Znf416,hypo
ZNF419,Znf419,hypo
ZNF433,Znf433,hypo
ZNF439,Znf439,hypo
ZNF442,Znf442,hypo
ZNF454,Znf454,hypo
ZNF461,Znf461,hypo
ZNF48,Znf48,hypo
ZNF497,Znf497,hypo
ZNF500,Znf500,hypo
ZNF502,Znf502,hypo
ZNF512B,Znf512b,hypo
ZNF518B,Znf518b,hypo
ZNF521,Znf521,hypo
ZNF527,Znf527,hypo
ZNF540,Znf540,hypo
ZNF541,Znf541,hypo
ZNF544,Znf544,hypo
ZNF547,Znf547,hypo
ZNF551,Znf551,hypo
ZNF556,Znf556,hypo
ZNF559,Znf559,hypo
ZNF562,Znf562,hypo
ZNF563,Znf563,hypo
ZNF564,Znf564,hypo
ZNF567,Znf567,hypo
ZNF57,Znf57,hypo
ZNF578,Znf578,hypo
ZNF589,Znf589,hypo
ZNF611,Znf611,hypo
ZNF627,Znf627,hypo
ZNF653,Znf653,hypo
ZNF655,Znf655,hypo
ZNF660,Znf660,hypo
ZNF669,Znf669,hypo
ZNF671,Znf671,hypo
ZNF677,Znf677,hypo
ZNF695,Znf695,hypo
ZNF700,Znf700,hypo
ZNF711,Znf711,hypo
ZNF74,Znf74,hypo
ZNF749,Znf749,hypo
ZNF75D,Znf75d,hypo
ZNF77,Znf77,hypo
ZNF782,Znf782,hypo
ZNF785,Znf785,hypo
ZNF786,Znf786,hypo
ZNF79,Znf79,hypo
ZNF791,Znf791,hypo
ZNF793,Znf793,hypo
ZNF800,Znf800,hypo
ZNF821,Znf821,hypo
ZNF90,Znf90,hypo
ZP1,Zp1,hypo
ZRANB2,Zranb2,hypo
ZSCAN22,Zscan22,hypo
ZSCAN23,Zscan23,hypo
ZSWIM3,Zswim3,hypo
ZSWIM5,Zswim5,hypo
ZWILCH,Zwilch,hypo
ZYG11B,Zyg11b,hypo
A2M,A2m,hyper
AADAT,Aadat,hyper
AAGAB,Aagab,hyper
AAK1,Aak1,hyper
AASDHPPT,Aasdhppt,hyper
AASS,Aass,hyper
AATK,Aatk,hyper
ABAT,Abat,hyper
ABCA1,Abca1,hyper
ABCA2,Abca2,hyper
ABCA8,Abca8,hyper
ABCA9,Abca9,hyper
ABCB1,Abcb1,hyper
ABCB6,Abcb6,hyper
ABCC3,Abcc3,hyper
ABCC4,Abcc4,hyper
ABCC5,Abcc5,hyper
ABCC6,Abcc6,hyper
ABCC9,Abcc9,hyper
ABCD1,Abcd1,hyper
ABCG2,Abcg2,hyper
ABCG8,Abcg8,hyper
ABHD12,Abhd12,hyper
ABHD12B,Abhd12b,hyper
ABHD4,Abhd4,hyper
ABHD6,Abhd6,hyper
ABI3,Abi3,hyper
ABL1,Abl1,hyper
ABLIM2,Ablim2,hyper
ABR,Abr,hyper
ABTB2,Abtb2,hyper
AC110619.2,Ac110619.2,hyper
ACAA1,Acaa1,hyper
ACAA2,Acaa2,hyper
ACAD10,Acad10,hyper
ACAD11,Acad11,hyper
ACAN,Acan,hyper
ACBD4,Acbd4,hyper
ACBD5,Acbd5,hyper
ACE,Ace,hyper
ACE2,Ace2,hyper
ACER3,Acer3,hyper
ACHE,Ache,hyper
ACLY,Acly,hyper
ACN9,Acn9,hyper
ACO2,Aco2,hyper
ACOT11,Acot11,hyper
ACOT13,Acot13,hyper
ACOX1,Acox1,hyper
ACP5,Acp5,hyper
ACPL2,Acpl2,hyper
ACPP,Acpp,hyper
ACR,Acr,hyper
ACSBG1,Acsbg1,hyper
ACSL1,Acsl1,hyper
ACSL3,Acsl3,hyper
ACSL5,Acsl5,hyper
ACSL6,Acsl6,hyper
ACSS3,Acss3,hyper
ACTB,Actb,hyper
ACTG1,Actg1,hyper
ACTL6A,Actl6a,hyper
ACTN1,Actn1,hyper
ACTN2,Actn2,hyper
ACTN4,Actn4,hyper
ACTR2,Actr2,hyper
ACTR3B,Actr3b,hyper
ACVR1C,Acvr1c,hyper
ACVRL1,Acvrl1,hyper
ACYP2,Acyp2,hyper
ADA,Ada,hyper
ADAD2,Adad2,hyper
ADAL,Adal,hyper
ADAM12,Adam12,hyper
ADAM15,Adam15,hyper
ADAM23,Adam23,hyper
ADAM33,Adam33,hyper
ADAM8,Adam8,hyper
ADAMTS1,Adamts1,hyper
ADAMTS14,Adamts14,hyper
ADAMTS19,Adamts19,hyper
ADAMTS4,Adamts4,hyper
ADAMTS7,Adamts7,hyper
ADAMTS9,Adamts9,hyper
ADAMTSL5,Adamtsl5,hyper
ADAP1,Adap1,hyper
ADAR,Adar,hyper
ADARB2,Adarb2,hyper
ADC,Adc,hyper
ADCY2,Adcy2,hyper
ADCY3,Adcy3,hyper
ADCY5,Adcy5,hyper
ADCY7,Adcy7,hyper
ADCY9,Adcy9,hyper
ADCYAP1,Adcyap1,hyper
ADD1,Add1,hyper
ADH5,Adh5,hyper
ADHFE1,Adhfe1,hyper
ADI1,Adi1,hyper
ADIPOR1,Adipor1,hyper
ADIPOR2,Adipor2,hyper
ADK,Adk,hyper
ADM,Adm,hyper
ADO,Ado,hyper
ADORA1,Adora1,hyper
ADORA2A,Adora2a,hyper
ADPRHL1,Adprhl1,hyper
ADRA1B,Adra1b,hyper
ADRA1D,Adra1d,hyper
ADRA2C,Adra2c,hyper
ADRB1,Adrb1,hyper
ADRB3,Adrb3,hyper
ADSSL1,Adssl1,hyper
AEN,Aen,hyper
AFF1,Aff1,hyper
AGA,Aga,hyper
AGAP3,Agap3,hyper
AGER,Ager,hyper
AGFG1,Agfg1,hyper
AGMAT,Agmat,hyper
AGPAT1,Agpat1,hyper
AGPAT3,Agpat3,hyper
AGPAT5,Agpat5,hyper
AGPS,Agps,hyper
AGRN,Agrn,hyper
AGTRAP,Agtrap,hyper
AHCY,Ahcy,hyper
AHCYL2,Ahcyl2,hyper
AHSA2,Ahsa2,hyper
AIF1L,Aif1l,hyper
AIFM3,Aifm3,hyper
AIMP1,Aimp1,hyper
AIRE,Aire,hyper
AJAP1,Ajap1,hyper
AK2,Ak2,hyper
AK5,Ak5,hyper
AKAP10,Akap10,hyper
AKAP13,Akap13,hyper
AKAP5,Akap5,hyper
AKAP6,Akap6,hyper
AKIRIN1,Akirin1,hyper
AKNA,Akna,hyper
AKR1C1,Akr1c1,hyper
AKR1C3,Akr1c3,hyper
AKT1S1,Akt1s1,hyper
ALAD,Alad,hyper
ALB,Alb,hyper
ALCAM,Alcam,hyper
ALDH1B1,Aldh1b1,hyper
ALDH2,Aldh2,hyper
ALDH3A2,Aldh3a2,hyper
ALDH3B1,Aldh3b1,hyper
ALDH4A1,Aldh4a1,hyper
ALDH5A1,Aldh5a1,hyper
ALDH6A1,Aldh6a1,hyper
ALDH7A1,Aldh7a1,hyper
ALDH8A1,Aldh8a1,hyper
ALDOA,Aldoa,hyper
ALDOB,Aldob,hyper
ALG1,Alg1,hyper
ALG12,Alg12,hyper
ALG3,Alg3,hyper
ALG5,Alg5,hyper
ALG8,Alg8,hyper
ALG9,Alg9,hyper
ALK,Alk,hyper
ALKBH5,Alkbh5,hyper
ALKBH6,Alkbh6,hyper
ALKBH8,Alkbh8,hyper
ALOX12,Alox12,hyper
ALPK1,Alpk1,hyper
ALS2CR12,Als2cr12,hyper
AMD1,Amd1,hyper
AMDHD2,Amdhd2,hyper
AMFR,Amfr,hyper
AMIGO2,Amigo2,hyper
AMN,Amn,hyper
AMOT,Amot,hyper
AMOTL1,Amotl1,hyper
AMOTL2,Amotl2,hyper
AMPD3,Ampd3,hyper
AMZ1,Amz1,hyper
ANAPC1,Anapc1,hyper
ANAPC5,Anapc5,hyper
ANGEL1,Angel1,hyper
ANGPTL4,Angptl4,hyper
ANK2,Ank2,hyper
ANKIB1,Ankib1,hyper
ANKMY2,Ankmy2,hyper
ANKRD13A,Ankrd13a,hyper
ANKRD17,Ankrd17,hyper
ANKRD18A,Ankrd18a,hyper
ANKRD20A1,Ankrd20a1,hyper
ANKRD24,Ankrd24,hyper
ANKRD29,Ankrd29,hyper
ANKRD33B,Ankrd33b,hyper
ANKRD34B,Ankrd34b,hyper
ANKRD37,Ankrd37,hyper
ANKRD40,Ankrd40,hyper
ANKRD42,Ankrd42,hyper
ANKRD45,Ankrd45,hyper
ANKS1B,Anks1b,hyper
ANLN,Anln,hyper
ANO2,Ano2,hyper
ANO3,Ano3,hyper
ANO5,Ano5,hyper
ANO6,Ano6,hyper
ANO7,Ano7,hyper
ANP32B,Anp32b,hyper
ANTXR2,Antxr2,hyper
ANXA1,Anxa1,hyper
ANXA2,Anxa2,hyper
ANXA3,Anxa3,hyper
ANXA4,Anxa4,hyper
ANXA5,Anxa5,hyper
ANXA6,Anxa6,hyper
ANXA7,Anxa7,hyper
AP2B1,Ap2b1,hyper
AP3B1,Ap3b1,hyper
AP3S2,Ap3s2,hyper
APBB2,Apbb2,hyper
APC,Apc,hyper
APEH,Apeh,hyper
APEX2,Apex2,hyper
APH1B,Aph1b,hyper
APIP,Apip,hyper
APITD1,Apitd1,hyper
APLF,Aplf,hyper
APLN,Apln,hyper
APLP1,Aplp1,hyper
APOA1,Apoa1,hyper
APOC1,Apoc1,hyper
APOD,Apod,hyper
APOL1,Apol1,hyper
APOL3,Apol3,hyper
APOL4,Apol4,hyper
APOLD1,Apold1,hyper
APOOL,Apool,hyper
APP,App,hyper
AQP1,Aqp1,hyper
AQP4,Aqp4,hyper
AQP5,Aqp5,hyper
AQP6,Aqp6,hyper
AR,Ar,hyper
ARAP2,Arap2,hyper
ARFGEF2,Arfgef2,hyper
ARHGAP1,Arhgap1,hyper
ARHGAP11B,Arhgap11b,hyper
ARHGAP18,Arhgap18,hyper
ARHGAP24,Arhgap24,hyper
ARHGAP25,Arhgap25,hyper
ARHGDIB,Arhgdib,hyper
ARHGEF10,Arhgef10,hyper
ARHGEF16,Arhgef16,hyper
ARHGEF17,Arhgef17,hyper
ARHGEF18,Arhgef18,hyper
ARHGEF4,Arhgef4,hyper
ARHGEF6,Arhgef6,hyper
ARID5A,Arid5a,hyper
ARID5B,Arid5b,hyper
ARIH2,Arih2,hyper
ARL1,Arl1,hyper
ARL13B,Arl13b,hyper
ARL2,Arl2,hyper
ARL2BP,Arl2bp,hyper
ARL6IP5,Arl6ip5,hyper
ARL8A,Arl8a,hyper
ARL8B,Arl8b,hyper
ARMC1,Armc1,hyper
ARMC2,Armc2,hyper
ARMC3,Armc3,hyper
ARMC9,Armc9,hyper
ARMCX3,Armcx3,hyper
ARMCX6,Armcx6,hyper
ARNT2,Arnt2,hyper
ARPC5,Arpc5,hyper
ARRDC2,Arrdc2,hyper
ARRDC4,Arrdc4,hyper
ARSA,Arsa,hyper
ARSE,Arse,hyper
ARSF,Arsf,hyper
ARTN,Artn,hyper
ASAH2C,Asah2c,hyper
ASAP1,Asap1,hyper
ASAP3,Asap3,hyper
ASB13,Asb13,hyper
ASB16,Asb16,hyper
ASB18,Asb18,hyper
ASB2,Asb2,hyper
ASB4,Asb4,hyper
ASCL1,Ascl1,hyper
ASCL2,Ascl2,hyper
ASF1A,Asf1a,hyper
ASPA,Aspa,hyper
ASPDH,Aspdh,hyper
ASPG,Aspg,hyper
ASPN,Aspn,hyper
ASPRV1,Asprv1,hyper
ASTL,Astl,hyper
ASTN2,Astn2,hyper
ATAD1,Atad1,hyper
ATAD2,Atad2,hyper
ATAD3C,Atad3c,hyper
ATCAY,Atcay,hyper
ATE1,Ate1,hyper
ATF3,Atf3,hyper
ATF6,Atf6,hyper
ATG12,Atg12,hyper
ATG13,Atg13,hyper
ATG16L2,Atg16l2,hyper
ATG4C,Atg4c,hyper
ATHL1,Athl1,hyper
ATIC,Atic,hyper
ATMIN,Atmin,hyper
ATN1,Atn1,hyper
ATOH8,Atoh8,hyper
ATP10A,Atp10a,hyper
ATP10B,Atp10b,hyper
ATP10D,Atp10d,hyper
ATP11A,Atp11a,hyper
ATP11C,Atp11c,hyper
ATP13A4,Atp13a4,hyper
ATP13A5,Atp13a5,hyper
ATP1B1,Atp1b1,hyper
ATP2A1,Atp2a1,hyper
ATP2A2,Atp2a2,hyper
ATP2B1,Atp2b1,hyper
ATP2B2,Atp2b2,hyper
ATP2B3,Atp2b3,hyper
ATP2C1,Atp2c1,hyper
ATP2C2,Atp2c2,hyper
ATP5C1,Atp5c1,hyper
ATP5E,Atp5e,hyper
ATP5F1,Atp5f1,hyper
ATP5I,Atp5i,hyper
ATP5O,Atp5o,hyper
ATP5S,Atp5s,hyper
ATP5SL,Atp5sl,hyper
ATP6AP2,Atp6ap2,hyper
ATP6V0A1,Atp6v0a1,hyper
ATP6V0E1,Atp6v0e1,hyper
ATP6V1D,Atp6v1d,hyper
ATP6V1E1,Atp6v1e1,hyper
ATP6V1E2,Atp6v1e2,hyper
ATP7A,Atp7a,hyper
ATP8B3,Atp8b3,hyper
ATPAF1,Atpaf1,hyper
ATRNL1,Atrnl1,hyper
ATXN1,Atxn1,hyper
ATXN3,Atxn3,hyper
ATXN7L2,Atxn7l2,hyper
ATXN7L3,Atxn7l3,hyper
AUTS2,Auts2,hyper
AXL,Axl,hyper
AZGP1,Azgp1,hyper
AZI2,Azi2,hyper
AZIN1,Azin1,hyper
B2M,B2m,hyper
B3GALT2,B3galt2,hyper
B3GALT4,B3galt4,hyper
B3GALT5,B3galt5,hyper
B3GALTL,B3galtl,hyper
B3GAT2,B3gat2,hyper
B3GNT4,B3gnt4,hyper
B3GNT6,B3gnt6,hyper
B3GNT7,B3gnt7,hyper
B3GNT9,B3gnt9,hyper
B3GNTL1,B3gntl1,hyper
BAALC,Baalc,hyper
BAAT,Baat,hyper
BACE1,Bace1,hyper
BACE2,Bace2,hyper
BACH1,Bach1,hyper
BAG1,Bag1,hyper
BAI1,Bai1,hyper
BAMBI,Bambi,hyper
BARD1,Bard1,hyper
BATF,Batf,hyper
BATF2,Batf2,hyper
BAZ1A,Baz1a,hyper
BBIP1,Bbip1,hyper
BBS2,Bbs2,hyper
BBS7,Bbs7,hyper
BBS9,Bbs9,hyper
BBX,Bbx,hyper
BCAM,Bcam,hyper
BCAP29,Bcap29,hyper
BCAP31,Bcap31,hyper
BCAS1,Bcas1,hyper
BCAT1,Bcat1,hyper
BCHE,Bche,hyper
BCKDHA,Bckdha,hyper
BCL11B,Bcl11b,hyper
BCL2,Bcl2,hyper
BCL2L10,Bcl2l10,hyper
BCL2L11,Bcl2l11,hyper
BCL2L12,Bcl2l12,hyper
BCL2L13,Bcl2l13,hyper
BCL2L2,Bcl2l2,hyper
BCL3,Bcl3,hyper
BCL6B,Bcl6b,hyper
BCL7B,Bcl7b,hyper
BCO2,Bco2,hyper
BDH2,Bdh2,hyper
BECN1,Becn1,hyper
BEND5,Bend5,hyper
BEND6,Bend6,hyper
BEST1,Best1,hyper
BEX4,Bex4,hyper
BHLHE40,Bhlhe40,hyper
BHLHE41,Bhlhe41,hyper
BHMT2,Bhmt2,hyper
BIN1,Bin1,hyper
BLID,Blid,hyper
BLVRB,Blvrb,hyper
BLZF1,Blzf1,hyper
BMF,Bmf,hyper
BMP2,Bmp2,hyper
BMP6,Bmp6,hyper
BMP7,Bmp7,hyper
BMP8A,Bmp8a,hyper
BMPR2,Bmpr2,hyper
BNIP3,Bnip3,hyper
BOK,Bok,hyper
BOLA2,Bola2,hyper
BOLA3,Bola3,hyper
BRAP,Brap,hyper
BRCA1,Brca1,hyper
BRI3,Bri3,hyper
BRMS1L,Brms1l,hyper
BROX,Brox,hyper
BRSK1,Brsk1,hyper
BSG,Bsg,hyper
BSND,Bsnd,hyper
BST2,Bst2,hyper
BTBD10,Btbd10,hyper
BTBD16,Btbd16,hyper
BTBD8,Btbd8,hyper
BTBD9,Btbd9,hyper
BTG3,Btg3,hyper
BTN3A2,Btn3a2,hyper
BUB1,Bub1,hyper
BUD31,Bud31,hyper
BVES,Bves,hyper
BZW1,Bzw1,hyper
C10orf105,C10orf105,hyper
C10orf107,C10orf107,hyper
C10orf11,C10orf11,hyper
C10orf128,C10orf128,hyper
C10orf54,C10orf54,hyper
C10orf90,C10orf90,hyper
C11orf24,C11orf24,hyper
C11orf49,C11orf49,hyper
C11orf54,C11orf54,hyper
C11orf65,C11orf65,hyper
C11orf71,C11orf71,hyper
C11orf84,C11orf84,hyper
C11orf87,C11orf87,hyper
C12orf39,C12orf39,hyper
C12orf49,C12orf49,hyper
C12orf54,C12orf54,hyper
C12orf60,C12orf60,hyper
C12orf66,C12orf66,hyper
C12orf76,C12orf76,hyper
C14orf23,C14orf23,hyper
C14orf28,C14orf28,hyper
C14orf80,C14orf80,hyper
C15orf26,C15orf26,hyper
C15orf39,C15orf39,hyper
C15orf52,C15orf52,hyper
C15orf59,C15orf59,hyper
C16orf46,C16orf46,hyper
C16orf59,C16orf59,hyper
C16orf80,C16orf80,hyper
C17orf105,C17orf105,hyper
C17orf51,C17orf51,hyper
C17orf72,C17orf72,hyper
C17orf85,C17orf85,hyper
C18orf32,C18orf32,hyper
C18orf54,C18orf54,hyper
C18orf56,C18orf56,hyper
C19orf10,C19orf10,hyper
C19orf18,C19orf18,hyper
C19orf24,C19orf24,hyper
C19orf38,C19orf38,hyper
C19orf53,C19orf53,hyper
C19orf54,C19orf54,hyper
C19orf66,C19orf66,hyper
C1D,C1d,hyper
C1GALT1,C1galt1,hyper
C1QL2,C1ql2,hyper
C1QTNF1,C1qtnf1,hyper
C1QTNF6,C1qtnf6,hyper
C1RL,C1rl,hyper
C1orf109,C1orf109,hyper
C1orf122,C1orf122,hyper
C1orf127,C1orf127,hyper
C1orf158,C1orf158,hyper
C1orf170,C1orf170,hyper
C1orf177,C1orf177,hyper
C1orf198,C1orf198,hyper
C1orf21,C1orf21,hyper
C1orf229,C1orf229,hyper
C1orf52,C1orf52,hyper
C1orf54,C1orf54,hyper
C1orf64,C1orf64,hyper
C1orf85,C1orf85,hyper
C1orf87,C1orf87,hyper
C1orf94,C1orf94,hyper
C1orf95,C1orf95,hyper
C20orf26,C20orf26,hyper
C20orf96,C20orf96,hyper
C21orf33,C21orf33,hyper
C21orf37,C21orf37,hyper
C21orf58,C21orf58,hyper
C21orf67,C21orf67,hyper
C21orf91,C21orf91,hyper
C22orf15,C22orf15,hyper
C22orf34,C22orf34,hyper
C2CD2,C2cd2,hyper
C2orf50,C2orf50,hyper
C2orf72,C2orf72,hyper
C2orf80,C2orf80,hyper
C2orf82,C2orf82,hyper
C2orf88,C2orf88,hyper
C3AR1,C3ar1,hyper
C3orf20,C3orf20,hyper
C3orf55,C3orf55,hyper
C4orf3,C4orf3,hyper
C4orf48,C4orf48,hyper
C4orf50,C4orf50,hyper
C5orf22,C5orf22,hyper
C5orf51,C5orf51,hyper
C6orf89,C6orf89,hyper
C7orf43,C7orf43,hyper
C7orf49,C7orf49,hyper
C7orf55,C7orf55,hyper
C7orf61,C7orf61,hyper
C8orf31,C8orf31,hyper
C8orf4,C8orf4,hyper
C8orf47,C8orf47,hyper
C8orf82,C8orf82,hyper
C9orf114,C9orf114,hyper
C9orf116,C9orf116,hyper
C9orf147,C9orf147,hyper
C9orf163,C9orf163,hyper
C9orf24,C9orf24,hyper
C9orf85,C9orf85,hyper
C9orf9,C9orf9,hyper
C9orf91,C9orf91,hyper
CA12,Ca12,hyper
CA14,Ca14,hyper
CA2,Ca2,hyper
CAB39,Cab39,hyper
CAB39L,Cab39l,hyper
CABLES1,Cables1,hyper
CABP4,Cabp4,hyper
CACHD1,Cachd1,hyper
CACNA1C,Cacna1c,hyper
CACNA1E,Cacna1e,hyper
CACNA1H,Cacna1h,hyper
CACNA1I,Cacna1i,hyper
CACNA2D3,Cacna2d3,hyper
CACNA2D4,Cacna2d4,hyper
CACNB1,Cacnb1,hyper
CACNG1,Cacng1,hyper
CACNG4,Cacng4,hyper
CACNG8,Cacng8,hyper
CADM4,Cadm4,hyper
CALCOCO2,Calcoco2,hyper
CALM2,Calm2,hyper
CALU,Calu,hyper
CAMK2A,Camk2a,hyper
CAMK2G,Camk2g,hyper
CAMK2N1,Camk2n1,hyper
CAMKV,Camkv,hyper
CAMTA2,Camta2,hyper
CANX,Canx,hyper
CAP1,Cap1,hyper
CAP2,Cap2,hyper
CAPG,Capg,hyper
CAPN13,Capn13,hyper
CAPN3,Capn3,hyper
CAPN9,Capn9,hyper
CAPS,Caps,hyper
CAPZA1,Capza1,hyper
CARD10,Card10,hyper
CARD11,Card11,hyper
CARD14,Card14,hyper
CARHSP1,Carhsp1,hyper
CARS,Cars,hyper
CARTPT,Cartpt,hyper
CASC3,Casc3,hyper
CASKIN1,Caskin1,hyper
CASKIN2,Caskin2,hyper
CASP10,Casp10,hyper
CASP4,Casp4,hyper
CASP7,Casp7,hyper
CASP8,Casp8,hyper
CASP9,Casp9,hyper
CASS4,Cass4,hyper
CAST,Cast,hyper
CASZ1,Casz1,hyper
CAT,Cat,hyper
CAV1,Cav1,hyper
CBFA2T2,Cbfa2t2,hyper
CBLN2,Cbln2,hyper
CBR1,Cbr1,hyper
CBR4,Cbr4,hyper
CBX3,Cbx3,hyper
CCBE1,Ccbe1,hyper
CCDC102A,Ccdc102a,hyper
CCDC102B,Ccdc102b,hyper
CCDC104,Ccdc104,hyper
CCDC108,Ccdc108,hyper
CCDC113,Ccdc113,hyper
CCDC115,Ccdc115,hyper
CCDC120,Ccdc120,hyper
CCDC121,Ccdc121,hyper
CCDC122,Ccdc122,hyper
CCDC13,Ccdc13,hyper
CCDC14,Ccdc14,hyper
CCDC146,Ccdc146,hyper
CCDC150,Ccdc150,hyper
CCDC152,Ccdc152,hyper
CCDC25,Ccdc25,hyper
CCDC34,Ccdc34,hyper
CCDC37,Ccdc37,hyper
CCDC39,Ccdc39,hyper
CCDC40,Ccdc40,hyper
CCDC43,Ccdc43,hyper
CCDC65,Ccdc65,hyper
CCDC74A,Ccdc74a,hyper
CCDC74B,Ccdc74b,hyper
CCDC78,Ccdc78,hyper
CCDC85A,Ccdc85a,hyper
CCDC85B,Ccdc85b,hyper
CCDC88A,Ccdc88a,hyper
CCDC88C,Ccdc88c,hyper
CCDC9,Ccdc9,hyper
CCDC91,Ccdc91,hyper
CCDC92,Ccdc92,hyper
CCDC96,Ccdc96,hyper
CCL19,Ccl19,hyper
CCL2,Ccl2,hyper
CCM2,Ccm2,hyper
CCNB3,Ccnb3,hyper
CCND1,Ccnd1,hyper
CCNE2,Ccne2,hyper
CCNY,Ccny,hyper
CCPG1,Ccpg1,hyper
CCR6,Ccr6,hyper
CCRL2,Ccrl2,hyper
CCT6B,Cct6b,hyper
CD109,Cd109,hyper
CD164,Cd164,hyper
CD19,Cd19,hyper
CD209,Cd209,hyper
CD22,Cd22,hyper
CD248,Cd248,hyper
CD274,Cd274,hyper
CD300C,Cd300c,hyper
CD320,Cd320,hyper
CD34,Cd34,hyper
CD37,Cd37,hyper
CD38,Cd38,hyper
CD3E,Cd3e,hyper
CD4,Cd4,hyper
CD44,Cd44,hyper
CD46,Cd46,hyper
CD52,Cd52,hyper
CD55,Cd55,hyper
CD58,Cd58,hyper
CD59,Cd59,hyper
CD63,Cd63,hyper
CD7,Cd7,hyper
CD81,Cd81,hyper
CD82,Cd82,hyper
CD8B,Cd8b,hyper
CD9,Cd9,hyper
CD97,Cd97,hyper
CD99L2,Cd99l2,hyper
CDADC1,Cdadc1,hyper
CDC14A,Cdc14a,hyper
CDC14B,Cdc14b,hyper
CDC16,Cdc16,hyper
CDC27,Cdc27,hyper
CDC37,Cdc37,hyper
CDC40,Cdc40,hyper
CDC42,Cdc42,hyper
CDC42EP1,Cdc42ep1,hyper
CDC42EP2,Cdc42ep2,hyper
CDCA3,Cdca3,hyper
CDH1,Cdh1,hyper
CDH11,Cdh11,hyper
CDH13,Cdh13,hyper
CDH19,Cdh19,hyper
CDH2,Cdh2,hyper
CDH20,Cdh20,hyper
CDH24,Cdh24,hyper
CDH6,Cdh6,hyper
CDH8,Cdh8,hyper
CDK2AP1,Cdk2ap1,hyper
CDK3,Cdk3,hyper
CDK5R2,Cdk5r2,hyper
CDK5RAP2,Cdk5rap2,hyper
CDK6,Cdk6,hyper
CDKAL1,Cdkal1,hyper
CDKL2,Cdkl2,hyper
CDKL5,Cdkl5,hyper
CDKN1A,Cdkn1a,hyper
CDKN1C,Cdkn1c,hyper
CDKN2A,Cdkn2a,hyper
CDKN2C,Cdkn2c,hyper
CDKN2D,Cdkn2d,hyper
CDNF,Cdnf,hyper
CDR1,Cdr1,hyper
CDS1,Cds1,hyper
CDS2,Cds2,hyper
CDT1,Cdt1,hyper
CDV3,Cdv3,hyper
CDX1,Cdx1,hyper
CEACAM19,Ceacam19,hyper
CEACAM21,Ceacam21,hyper
CEBPA,Cebpa,hyper
CEBPB,Cebpb,hyper
CEBPZ,Cebpz,hyper
CECR1,Cecr1,hyper
CELSR3,Celsr3,hyper
CEND1,Cend1,hyper
CENPB,Cenpb,hyper
CENPE,Cenpe,hyper
CENPK,Cenpk,hyper
CENPN,Cenpn,hyper
CENPO,Cenpo,hyper
CENPQ,Cenpq,hyper
CEP63,Cep63,hyper
CEP70,Cep70,hyper
CEP97,Cep97,hyper
CERCAM,Cercam,hyper
CES1,Ces1,hyper
CETN3,Cetn3,hyper
CETP,Cetp,hyper
CFH,Cfh,hyper
CFI,Cfi,hyper
CFL1,Cfl1,hyper
CFL2,Cfl2,hyper
CFTR,Cftr,hyper
CGNL1,Cgnl1,hyper
CH25H,Ch25h,hyper
CHAC1,Chac1,hyper
CHADL,Chadl,hyper
CHCHD10,Chchd10,hyper
CHD1L,Chd1l,hyper
CHD6,Chd6,hyper
CHEK1,Chek1,hyper
CHEK2,Chek2,hyper
CHGA,Chga,hyper
CHI3L1,Chi3l1,hyper
CHI3L2,Chi3l2,hyper
CHIC1,Chic1,hyper
CHKA,Chka,hyper
CHL1,Chl1,hyper
CHML,Chml,hyper
CHMP2A,Chmp2a,hyper
CHMP2B,Chmp2b,hyper
CHMP4A,Chmp4a,hyper
CHMP4C,Chmp4c,hyper
CHORDC1,Chordc1,hyper
CHRAC1,Chrac1,hyper
CHRFAM7A,Chrfam7a,hyper
CHRM3,Chrm3,hyper
CHRM4,Chrm4,hyper
CHRNA2,Chrna2,hyper
CHRNA4,Chrna4,hyper
CHRNB2,Chrnb2,hyper
CHST1,Chst1,hyper
CHST11,Chst11,hyper
CHST13,Chst13,hyper
CHST15,Chst15,hyper
CHST3,Chst3,hyper
CHSY3,Chsy3,hyper
CIAO1,Ciao1,hyper
CIB1,Cib1,hyper
CIDEA,Cidea,hyper
CIITA,Ciita,hyper
CILP,Cilp,hyper
CILP2,Cilp2,hyper
CIR1,Cir1,hyper
CIRH1A,Cirh1a,hyper
CIT,Cit,hyper
CKMT2,Ckmt2,hyper
CLCA4,Clca4,hyper
CLCC1,Clcc1,hyper
CLCN3,Clcn3,hyper
CLCN4,Clcn4,hyper
CLCN6,Clcn6,hyper
CLDN11,Cldn11,hyper
CLDN15,Cldn15,hyper
CLDN23,Cldn23,hyper
CLDN5,Cldn5,hyper
CLDN6,Cldn6,hyper
CLDND1,Cldnd1,hyper
CLEC12A,Clec12a,hyper
CLEC14A,Clec14a,hyper
CLEC2L,Clec2l,hyper
CLEC3B,Clec3b,hyper
CLIC3,Clic3,hyper
CLIC4,Clic4,hyper
CLIC5,Clic5,hyper
CLINT1,Clint1,hyper
CLIP2,Clip2,hyper
CLIP4,Clip4,hyper
CLMN,Clmn,hyper
CLN5,Cln5,hyper
CLN8,Cln8,hyper
CLPB,Clpb,hyper
CLPTM1L,Clptm1l,hyper
CLUAP1,Cluap1,hyper
CMAS,Cmas,hyper
CMPK2,Cmpk2,hyper
CMTM3,Cmtm3,hyper
CMTM4,Cmtm4,hyper
CMTM5,Cmtm5,hyper
CMYA5,Cmya5,hyper
CNDP1,Cndp1,hyper
CNDP2,Cndp2,hyper
CNFN,Cnfn,hyper
CNGA1,Cnga1,hyper
CNGB1,Cngb1,hyper
CNKSR3,Cnksr3,hyper
CNN2,Cnn2,hyper
CNNM1,Cnnm1,hyper
CNOT4,Cnot4,hyper
CNP,Cnp,hyper
CNPY2,Cnpy2,hyper
CNTN2,Cntn2,hyper
CNTNAP2,Cntnap2,hyper
CNTROB,Cntrob,hyper
COBL,Cobl,hyper
COBLL1,Cobll1,hyper
COCH,Coch,hyper
COG3,Cog3,hyper
COL10A1,Col10a1,hyper
COL11A1,Col11a1,hyper
COL15A1,Col15a1,hyper
COL16A1,Col16a1,hyper
COL17A1,Col17a1,hyper
COL1A1,Col1a1,hyper
COL1A2,Col1a2,hyper
COL20A1,Col20a1,hyper
COL25A1,Col25a1,hyper
COL4A3,Col4a3,hyper
COL4A3BP,Col4a3bp,hyper
COL4A4,Col4a4,hyper
COL4A5,Col4a5,hyper
COL6A2,Col6a2,hyper
COL9A2,Col9a2,hyper
COL9A3,Col9a3,hyper
COLEC12,Colec12,hyper
COMT,Comt,hyper
COPA,Copa,hyper
COPB2,Copb2,hyper
COPE,Cope,hyper
COPS2,Cops2,hyper
COPZ1,Copz1,hyper
COPZ2,Copz2,hyper
CORO2B,Coro2b,hyper
CORO6,Coro6,hyper
CORO7,Coro7,hyper
CORT,Cort,hyper
COTL1,Cotl1,hyper
COX11,Cox11,hyper
COX4I2,Cox4i2,hyper
COX5B,Cox5b,hyper
COX6A1,Cox6a1,hyper
CPD,Cpd,hyper
CPEB1,Cpeb1,hyper
CPLX1,Cplx1,hyper
CPM,Cpm,hyper
CPNE2,Cpne2,hyper
CPNE4,Cpne4,hyper
CPNE5,Cpne5,hyper
CPNE7,Cpne7,hyper
CPOX,Cpox,hyper
CPPED1,Cpped1,hyper
CPSF2,Cpsf2,hyper
CPSF3,Cpsf3,hyper
CPT1A,Cpt1a,hyper
CPT2,Cpt2,hyper
CPXM2,Cpxm2,hyper
CR1,Cr1,hyper
CRABP1,Crabp1,hyper
CRB3,Crb3,hyper
CRBN,Crbn,hyper
CREB3L2,Creb3l2,hyper
CREB5,Creb5,hyper
CREBL2,Crebl2,hyper
CREG2,Creg2,hyper
CREM,Crem,hyper
CRH,Crh,hyper
CRIM1,Crim1,hyper
CRIP1,Crip1,hyper
CRIPT,Cript,hyper
CRISPLD1,Crispld1,hyper
CRTAC1,Crtac1,hyper
CRTAP,Crtap,hyper
CRYAB,Cryab,hyper
CRYBA2,Cryba2,hyper
CRYBB2,Crybb2,hyper
CRYBG3,Crybg3,hyper
CRYGD,Crygd,hyper
CRYL1,Cryl1,hyper
CRYZ,Cryz,hyper
CSAG1,Csag1,hyper
CSDE1,Csde1,hyper
CSF3R,Csf3r,hyper
CSGALNACT1,Csgalnact1,hyper
CSMD3,Csmd3,hyper
CSNK2A2,Csnk2a2,hyper
CSPG4,Cspg4,hyper
CSPG5,Cspg5,hyper
CSRNP3,Csrnp3,hyper
CSRP1,Csrp1,hyper
CSRP2,Csrp2,hyper
CST7,Cst7,hyper
CSTB,Cstb,hyper
CTNNA1,Ctnna1,hyper
CTNNA2,Ctnna2,hyper
CTNNA3,Ctnna3,hyper
CTNND1,Ctnnd1,hyper
CTNND2,Ctnnd2,hyper
CTNS,Ctns,hyper
CTSA,Ctsa,hyper
CTSC,Ctsc,hyper
CTSO,Ctso,hyper
CTSZ,Ctsz,hyper
CTTNBP2,Cttnbp2,hyper
CTTNBP2NL,Cttnbp2nl,hyper
CTXN3,Ctxn3,hyper
CUEDC1,Cuedc1,hyper
CUL5,Cul5,hyper
CUTA,Cuta,hyper
CUX2,Cux2,hyper
CX3CL1,Cx3cl1,hyper
CXADR,Cxadr,hyper
CXCL1,Cxcl1,hyper
CXCL12,Cxcl12,hyper
CXCL14,Cxcl14,hyper
CXCL16,Cxcl16,hyper
CXCL2,Cxcl2,hyper
CXCL3,Cxcl3,hyper
CXCR4,Cxcr4,hyper
CXorf36,Cxorf36,hyper
CYB561,Cyb561,hyper
CYB561D1,Cyb561d1,hyper
CYB561D2,Cyb561d2,hyper
CYB5B,Cyb5b,hyper
CYB5D2,Cyb5d2,hyper
CYB5R2,Cyb5r2,hyper
CYBA,Cyba,hyper
CYBRD1,Cybrd1,hyper
CYCS,Cycs,hyper
CYLD,Cyld,hyper
CYP11A1,Cyp11a1,hyper
CYP19A1,Cyp19a1,hyper
CYP1B1,Cyp1b1,hyper
CYP20A1,Cyp20a1,hyper
CYP27A1,Cyp27a1,hyper
CYP27B1,Cyp27b1,hyper
CYP27C1,Cyp27c1,hyper
CYP2J2,Cyp2j2,hyper
CYP2S1,Cyp2s1,hyper
CYP3A43,Cyp3a43,hyper
CYP4F2,Cyp4f2,hyper
CYP7B1,Cyp7b1,hyper
CYR61,Cyr61,hyper
CYSLTR2,Cysltr2,hyper
CYSTM1,Cystm1,hyper
CYTH1,Cyth1,hyper
CYYR1,Cyyr1,hyper
DAAM2,Daam2,hyper
DACH2,Dach2,hyper
DACT2,Dact2,hyper
DACT3,Dact3,hyper
DAD1,Dad1,hyper
DAG1,Dag1,hyper
DAP,Dap,hyper
DAPK1,Dapk1,hyper
DAPK2,Dapk2,hyper
DAPL1,Dapl1,hyper
DAPP1,Dapp1,hyper
DAZAP2,Dazap2,hyper
DBF4B,Dbf4b,hyper
DBN1,Dbn1,hyper
DBNDD2,Dbndd2,hyper
DBX2,Dbx2,hyper
DCAF12L2,Dcaf12l2,hyper
DCAF13,Dcaf13,hyper
DCHS2,Dchs2,hyper
DCN,Dcn,hyper
DCP1B,Dcp1b,hyper
DCT,Dct,hyper
DCTN1,Dctn1,hyper
DCTN4,Dctn4,hyper
DCTN5,Dctn5,hyper
DCUN1D1,Dcun1d1,hyper
DCX,Dcx,hyper
DDA1,Dda1,hyper
DDAH1,Ddah1,hyper
DDB1,Ddb1,hyper
DDC,Ddc,hyper
DDIT4L,Ddit4l,hyper
DDN,Ddn,hyper
DDO,Ddo,hyper
DDR1,Ddr1,hyper
DDX24,Ddx24,hyper
DDX3X,Ddx3x,hyper
DDX58,Ddx58,hyper
DDX60L,Ddx60l,hyper
DECR1,Decr1,hyper
DEF6,Def6,hyper
DENND1B,Dennd1b,hyper
DENND2D,Dennd2d,hyper
DENND3,Dennd3,hyper
DENND4B,Dennd4b,hyper
DENND5A,Dennd5a,hyper
DEPDC7,Depdc7,hyper
DERA,Dera,hyper
DEXI,Dexi,hyper
DFFA,Dffa,hyper
DFNB31,Dfnb31,hyper
DGAT2,Dgat2,hyper
DGCR2,Dgcr2,hyper
DGKI,Dgki,hyper
DHCR7,Dhcr7,hyper
DHFRL1,Dhfrl1,hyper
DHH,Dhh,hyper
DHODH,Dhodh,hyper
DHRS3,Dhrs3,hyper
DHRS4,Dhrs4,hyper
DHRSX,Dhrsx,hyper
DHX34,Dhx34,hyper
DHX37,Dhx37,hyper
DHX58,Dhx58,hyper
DIABLO,Diablo,hyper
DIMT1,Dimt1,hyper
DIO2,Dio2,hyper
DIP2B,Dip2b,hyper
DIRAS1,Diras1,hyper
DIRAS3,Diras3,hyper
DIRC2,Dirc2,hyper
DISC1,Disc1,hyper
DLAT,Dlat,hyper
DLC1,Dlc1,hyper
DLGAP3,Dlgap3,hyper
DLGAP4,Dlgap4,hyper
DLK2,Dlk2,hyper
DLL1,Dll1,hyper
DLX3,Dlx3,hyper
DLX4,Dlx4,hyper
DLX6,Dlx6,hyper
DMBT1,Dmbt1,hyper
DMD,Dmd,hyper
DMKN,Dmkn,hyper
DMRT2,Dmrt2,hyper
DMRTA1,Dmrta1,hyper
DMWD,Dmwd,hyper
DNAH17,Dnah17,hyper
DNAH6,Dnah6,hyper
DNAH7,Dnah7,hyper
DNAI1,Dnai1,hyper
DNAJB1,Dnajb1,hyper
DNAJB11,Dnajb11,hyper
DNAJB13,Dnajb13,hyper
DNAJB4,Dnajb4,hyper
DNAJB6,Dnajb6,hyper
DNAJC10,Dnajc10,hyper
DNAJC11,Dnajc11,hyper
DNAJC14,Dnajc14,hyper
DNAJC15,Dnajc15,hyper
DNAJC18,Dnajc18,hyper
DNAJC21,Dnajc21,hyper
DNAJC22,Dnajc22,hyper
DNAJC3,Dnajc3,hyper
DNAJC5,Dnajc5,hyper
DNALI1,Dnali1,hyper
DNASE2B,Dnase2b,hyper
DNER,Dner,hyper
DNHD1,Dnhd1,hyper
DNM2,Dnm2,hyper
DOCK1,Dock1,hyper
DOCK10,Dock10,hyper
DOCK11,Dock11,hyper
DOCK5,Dock5,hyper
DOCK6,Dock6,hyper
DOHH,Dohh,hyper
DOK3,Dok3,hyper
DOK5,Dok5,hyper
DOLPP1,Dolpp1,hyper
DPEP3,Dpep3,hyper
DPH3,Dph3,hyper
DPP10,Dpp10,hyper
DPP7,Dpp7,hyper
DPP8,Dpp8,hyper
DPY19L4,Dpy19l4,hyper
DPY30,Dpy30,hyper
DPYD,Dpyd,hyper
DPYS,Dpys,hyper
DPYSL2,Dpysl2,hyper
DPYSL5,Dpysl5,hyper
DQX1,Dqx1,hyper
DRAM1,Dram1,hyper
DRD1,Drd1,hyper
DRD2,Drd2,hyper
DRD5,Drd5,hyper
DSC2,Dsc2,hyper
DSCAM,Dscam,hyper
DSCAML1,Dscaml1,hyper
DSCR3,Dscr3,hyper
DSE,Dse,hyper
DSEL,Dsel,hyper
DST,Dst,hyper
DTX2,Dtx2,hyper
DTX3L,Dtx3l,hyper
DUS3L,Dus3l,hyper
DUSP1,Dusp1,hyper
DUSP15,Dusp15,hyper
DUSP18,Dusp18,hyper
DUSP19,Dusp19,hyper
DUSP22,Dusp22,hyper
DUSP6,Dusp6,hyper
DUSP7,Dusp7,hyper
DUT,Dut,hyper
DYM,Dym,hyper
DYNC1I2,Dync1i2,hyper
DYNC1LI2,Dync1li2,hyper
DYNC2LI1,Dync2li1,hyper
DYNLL2,Dynll2,hyper
DYNLT3,Dynlt3,hyper
DYRK4,Dyrk4,hyper
DYSF,Dysf,hyper
E2F1,E2f1,hyper
E2F3,E2f3,hyper
E2F7,E2f7,hyper
EAF1,Eaf1,hyper
EBF4,Ebf4,hyper
EBPL,Ebpl,hyper
ECD,Ecd,hyper
ECE1,Ece1,hyper
ECEL1,Ecel1,hyper
EDA,Eda,hyper
EDEM1,Edem1,hyper
EDIL3,Edil3,hyper
EDN3,Edn3,hyper
EDNRA,Ednra,hyper
EEPD1,Eepd1,hyper
EFCAB11,Efcab11,hyper
EFCAB2,Efcab2,hyper
EFHB,Efhb,hyper
EFHC1,Efhc1,hyper
EFHD1,Efhd1,hyper
EFNA1,Efna1,hyper
EFNA4,Efna4,hyper
EFNA5,Efna5,hyper
EFNB3,Efnb3,hyper
EFS,Efs,hyper
EFTUD1,Eftud1,hyper
EFTUD2,Eftud2,hyper
EGFL7,Egfl7,hyper
EGFR,Egfr,hyper
EGLN3,Egln3,hyper
EGR2,Egr2,hyper
EHF,Ehf,hyper
EHHADH,Ehhadh,hyper
EID1,Eid1,hyper
EIF2AK1,Eif2ak1,hyper
EIF2AK3,Eif2ak3,hyper
EIF3A,Eif3a,hyper
EIF4A1,Eif4a1,hyper
EIF4G3,Eif4g3,hyper
EIF5,Eif5,hyper
EIF5A2,Eif5a2,hyper
EIF5AL1,Eif5al1,hyper
EIF5B,Eif5b,hyper
ELAC2,Elac2,hyper
ELANE,Elane,hyper
ELF1,Elf1,hyper
ELF4,Elf4,hyper
ELMO1,Elmo1,hyper
ELMOD1,Elmod1,hyper
ELMOD2,Elmod2,hyper
ELOF1,Elof1,hyper
ELOVL1,Elovl1,hyper
ELOVL5,Elovl5,hyper
ELOVL6,Elovl6,hyper
ELOVL7,Elovl7,hyper
ELP2,Elp2,hyper
ELP3,Elp3,hyper
ELTD1,Eltd1,hyper
EMB,Emb,hyper
EMC3,Emc3,hyper
EMCN,Emcn,hyper
EMG1,Emg1,hyper
EMILIN2,Emilin2,hyper
EML1,Eml1,hyper
EML2,Eml2,hyper
EMP2,Emp2,hyper
EMR2,Emr2,hyper
EMX2,Emx2,hyper
EN2,En2,hyper
ENAH,Enah,hyper
ENDOD1,Endod1,hyper
ENG,Eng,hyper
ENGASE,Engase,hyper
ENKUR,Enkur,hyper
ENOSF1,Enosf1,hyper
ENOX1,Enox1,hyper
ENPP2,Enpp2,hyper
ENPP4,Enpp4,hyper
ENPP5,Enpp5,hyper
ENPP6,Enpp6,hyper
ENTPD1,Entpd1,hyper
ENTPD3,Entpd3,hyper
ENTPD5,Entpd5,hyper
ENY2,Eny2,hyper
EP400NL,Ep400nl,hyper
EPAS1,Epas1,hyper
EPB41L1,Epb41l1,hyper
EPB41L2,Epb41l2,hyper
EPB41L3,Epb41l3,hyper
EPB41L4A,Epb41l4a,hyper
EPHB2,Ephb2,hyper
EPHB6,Ephb6,hyper
EPHX1,Ephx1,hyper
EPM2A,Epm2a,hyper
EPN3,Epn3,hyper
EPS15,Eps15,hyper
EPS8,Eps8,hyper
EPSTI1,Epsti1,hyper
ERAP2,Erap2,hyper
ERAS,Eras,hyper
ERBB2IP,Erbb2ip,hyper
ERBB3,Erbb3,hyper
ERCC2,Ercc2,hyper
ERF,Erf,hyper
ERG,Erg,hyper
ERI2,Eri2,hyper
ERMAP,Ermap,hyper
ERMN,Ermn,hyper
ERMP1,Ermp1,hyper
ERN2,Ern2,hyper
ERO1L,Ero1l,hyper
ESAM,Esam,hyper
ESR1,Esr1,hyper
ESRRA,Esrra,hyper
ESRRB,Esrrb,hyper
ESRRG,Esrrg,hyper
ESYT2,Esyt2,hyper
ETF1,Etf1,hyper
ETFA,Etfa,hyper
ETFB,Etfb,hyper
ETFDH,Etfdh,hyper
ETHE1,Ethe1,hyper
ETS1,Ets1,hyper
ETS2,Ets2,hyper
ETV6,Etv6,hyper
ETV7,Etv7,hyper
EVI2A,Evi2a,hyper
EVI2B,Evi2b,hyper
EVI5,Evi5,hyper
EVI5L,Evi5l,hyper
EVPL,Evpl,hyper
EXD2,Exd2,hyper
EXOC2,Exoc2,hyper
EXOC3,Exoc3,hyper
EXOC5,Exoc5,hyper
EXOC6B,Exoc6b,hyper
EXOC8,Exoc8,hyper
EXT1,Ext1,hyper
EXTL2,Extl2,hyper
EYA1,Eya1,hyper
EYA2,Eya2,hyper
EYA4,Eya4,hyper
F11,F11,hyper
F2RL2,F2rl2,hyper
F2RL3,F2rl3,hyper
F7,F7,hyper
FA2H,Fa2h,hyper
FABP6,Fabp6,hyper
FADS2,Fads2,hyper
FAF1,Faf1,hyper
FAM102A,Fam102a,hyper
FAM107B,Fam107b,hyper
FAM109B,Fam109b,hyper
FAM110A,Fam110a,hyper
FAM111A,Fam111a,hyper
FAM114A1,Fam114a1,hyper
FAM115A,Fam115a,hyper
FAM118B,Fam118b,hyper
FAM120AOS,Fam120aos,hyper
FAM120C,Fam120c,hyper
FAM122C,Fam122c,hyper
FAM124A,Fam124a,hyper
FAM127A,Fam127a,hyper
FAM127B,Fam127b,hyper
FAM129B,Fam129b,hyper
FAM133A,Fam133a,hyper
FAM134A,Fam134a,hyper
FAM134B,Fam134b,hyper
FAM135B,Fam135b,hyper
FAM136A,Fam136a,hyper
FAM13C,Fam13c,hyper
FAM160B2,Fam160b2,hyper
FAM161A,Fam161a,hyper
FAM162A,Fam162a,hyper
FAM169A,Fam169a,hyper
FAM171A1,Fam171a1,hyper
FAM173B,Fam173b,hyper
FAM175B,Fam175b,hyper
FAM177A1,Fam177a1,hyper
FAM178B,Fam178b,hyper
FAM179A,Fam179a,hyper
FAM179B,Fam179b,hyper
FAM184B,Fam184b,hyper
FAM186B,Fam186b,hyper
FAM188B,Fam188b,hyper
FAM189A1,Fam189a1,hyper
FAM196A,Fam196a,hyper
FAM19A4,Fam19a4,hyper
FAM19A5,Fam19a5,hyper
FAM204A,Fam204a,hyper
FAM20A,Fam20a,hyper
FAM20C,Fam20c,hyper
FAM3A,Fam3a,hyper
FAM43B,Fam43b,hyper
FAM45A,Fam45a,hyper
FAM49A,Fam49a,hyper
FAM49B,Fam49b,hyper
FAM53B,Fam53b,hyper
FAM63A,Fam63a,hyper
FAM65A,Fam65a,hyper
FAM69A,Fam69a,hyper
FAM69B,Fam69b,hyper
FAM78A,Fam78a,hyper
FAM81A,Fam81a,hyper
FAM83D,Fam83d,hyper
FAM84B,Fam84b,hyper
FAM86A,Fam86a,hyper
FAM86B1,Fam86b1,hyper
FAM96A,Fam96a,hyper
FANCF,Fancf,hyper
FANK1,Fank1,hyper
FAP,Fap,hyper
FAR2,Far2,hyper
FAS,Fas,hyper
FASTK,Fastk,hyper
FASTKD1,Fastkd1,hyper
FAT3,Fat3,hyper
FBLIM1,Fblim1,hyper
FBLN1,Fbln1,hyper
FBLN5,Fbln5,hyper
FBN1,Fbn1,hyper
FBN2,Fbn2,hyper
FBN3,Fbn3,hyper
FBRSL1,Fbrsl1,hyper
FBXL14,Fbxl14,hyper
FBXL17,Fbxl17,hyper
FBXL19,Fbxl19,hyper
FBXL2,Fbxl2,hyper
FBXL7,Fbxl7,hyper
FBXO10,Fbxo10,hyper
FBXO15,Fbxo15,hyper
FBXO32,Fbxo32,hyper
FBXO33,Fbxo33,hyper
FBXO36,Fbxo36,hyper
FBXO7,Fbxo7,hyper
FCER2,Fcer2,hyper
FCGRT,Fcgrt,hyper
FCHO1,Fcho1,hyper
FCHSD1,Fchsd1,hyper
FCHSD2,Fchsd2,hyper
FCRLA,Fcrla,hyper
FDX1,Fdx1,hyper
FDX1L,Fdx1l,hyper
FECH,Fech,hyper
FERMT1,Fermt1,hyper
FEV,Fev,hyper
FEZ1,Fez1,hyper
FGD1,Fgd1,hyper
FGD4,Fgd4,hyper
FGD5,Fgd5,hyper
FGF1,Fgf1,hyper
FGF12,Fgf12,hyper
FGF13,Fgf13,hyper
FGF7,Fgf7,hyper
FGFR2,Fgfr2,hyper
FGFR4,Fgfr4,hyper
FGR,Fgr,hyper
FHDC1,Fhdc1,hyper
FHIT,Fhit,hyper
FIG4,Fig4,hyper
FIGN,Fign,hyper
FILIP1L,Filip1l,hyper
FITM1,Fitm1,hyper
FJX1,Fjx1,hyper
FKBP2,Fkbp2,hyper
FKBP4,Fkbp4,hyper
FKBP5,Fkbp5,hyper
FKBP8,Fkbp8,hyper
FKBP9,Fkbp9,hyper
FKRP,Fkrp,hyper
FLI1,Fli1,hyper
FLNB,Flnb,hyper
FLNC,Flnc,hyper
FLRT1,Flrt1,hyper
FLRT2,Flrt2,hyper
FLT1,Flt1,hyper
FMN1,Fmn1,hyper
FMNL2,Fmnl2,hyper
FMO2,Fmo2,hyper
FMO4,Fmo4,hyper
FMOD,Fmod,hyper
FN1,Fn1,hyper
FNDC3A,Fndc3a,hyper
FNDC3B,Fndc3b,hyper
FNIP1,Fnip1,hyper
FNTA,Fnta,hyper
FNTB,Fntb,hyper
FOLH1,Folh1,hyper
FOLR1,Folr1,hyper
FOS,Fos,hyper
FOSB,Fosb,hyper
FOXC1,Foxc1,hyper
FOXC2,Foxc2,hyper
FOXD4L4,Foxd4l4,hyper
FOXF1,Foxf1,hyper
FOXL1,Foxl1,hyper
FOXL2,Foxl2,hyper
FOXO1,Foxo1,hyper
FOXO4,Foxo4,hyper
FOXP1,Foxp1,hyper
FOXP2,Foxp2,hyper
FOXQ1,Foxq1,hyper
FOXS1,Foxs1,hyper
FPR1,Fpr1,hyper
FRAS1,Fras1,hyper
FRK,Frk,hyper
FRMD4A,Frmd4a,hyper
FRMD4B,Frmd4b,hyper
FRMD5,Frmd5,hyper
FRMD8,Frmd8,hyper
FRMPD1,Frmpd1,hyper
FRMPD4,Frmpd4,hyper
FRS2,Frs2,hyper
FRYL,Fryl,hyper
FRZB,Frzb,hyper
FSCN1,Fscn1,hyper
FSCN2,Fscn2,hyper
FSTL1,Fstl1,hyper
FSTL3,Fstl3,hyper
FSTL4,Fstl4,hyper
FTCD,Ftcd,hyper
FTL,Ftl,hyper
FTO,Fto,hyper
FUCA2,Fuca2,hyper
FUNDC1,Fundc1,hyper
FXR1,Fxr1,hyper
FXYD4,Fxyd4,hyper
FXYD5,Fxyd5,hyper
FYCO1,Fyco1,hyper
FZD2,Fzd2,hyper
FZD4,Fzd4,hyper
FZD5,Fzd5,hyper
FZD8,Fzd8,hyper
FZD9,Fzd9,hyper
G0S2,G0s2,hyper
GAA,Gaa,hyper
GAB1,Gab1,hyper
GAB2,Gab2,hyper
GABPA,Gabpa,hyper
GABRA3,Gabra3,hyper
GABRA5,Gabra5,hyper
GAD1,Gad1,hyper
GAD2,Gad2,hyper
GADD45A,Gadd45a,hyper
GADD45B,Gadd45b,hyper
GAL,Gal,hyper
GAL3ST1,Gal3st1,hyper
GALC,Galc,hyper
GALK2,Galk2,hyper
GALM,Galm,hyper
GALNT1,Galnt1,hyper
GALNT11,Galnt11,hyper
GALNT14,Galnt14,hyper
GALNT2,Galnt2,hyper
GALNT6,Galnt6,hyper
GALNTL6,Galntl6,hyper
GALR1,Galr1,hyper
GALR3,Galr3,hyper
GALT,Galt,hyper
GAMT,Gamt,hyper
GANAB,Ganab,hyper
GAPDH,Gapdh,hyper
GAPT,Gapt,hyper
GAPVD1,Gapvd1,hyper
GARS,Gars,hyper
GART,Gart,hyper
GAS2,Gas2,hyper
GAS6,Gas6,hyper
GATA2,Gata2,hyper
GATAD2A,Gatad2a,hyper
GBE1,Gbe1,hyper
GBP2,Gbp2,hyper
GBP3,Gbp3,hyper
GBP4,Gbp4,hyper
GBX2,Gbx2,hyper
GCA,Gca,hyper
GCC2,Gcc2,hyper
GCLC,Gclc,hyper
GCLM,Gclm,hyper
GCSH,Gcsh,hyper
GDE1,Gde1,hyper
GDI1,Gdi1,hyper
GEM,Gem,hyper
GEMIN7,Gemin7,hyper
GFAP,Gfap,hyper
GFRA1,Gfra1,hyper
GGPS1,Ggps1,hyper
GGT1,Ggt1,hyper
GGT5,Ggt5,hyper
GHRHR,Ghrhr,hyper
GIMAP1,Gimap1,hyper
GIMAP4,Gimap4,hyper
GIMAP5,Gimap5,hyper
GIMAP6,Gimap6,hyper
GIMAP7,Gimap7,hyper
GIMAP8,Gimap8,hyper
GINS4,Gins4,hyper
GIPC1,Gipc1,hyper
GIPR,Gipr,hyper
GJA4,Gja4,hyper
GJA9,Gja9,hyper
GJB1,Gjb1,hyper
GJB3,Gjb3,hyper
GJB6,Gjb6,hyper
GJC2,Gjc2,hyper
GLB1L2,Glb1l2,hyper
GLDN,Gldn,hyper
GLG1,Glg1,hyper
GLI3,Gli3,hyper
GLIPR1L2,Glipr1l2,hyper
GLIS3,Glis3,hyper
GLRA3,Glra3,hyper
GLRB,Glrb,hyper
GLRX2,Glrx2,hyper
GLRX3,Glrx3,hyper
GLS,Gls,hyper
GLT8D2,Glt8d2,hyper
GLTP,Gltp,hyper
GLTPD1,Gltpd1,hyper
GLUD1,Glud1,hyper
GLUD2,Glud2,hyper
GLUL,Glul,hyper
GM2A,Gm2a,hyper
GMPR,Gmpr,hyper
GMPR2,Gmpr2,hyper
GNA14,Gna14,hyper
GNAI2,Gnai2,hyper
GNAL,Gnal,hyper
GNAO1,Gnao1,hyper
GNB1,Gnb1,hyper
GNG11,Gng11,hyper
GNG12,Gng12,hyper
GNG5,Gng5,hyper
GNGT2,Gngt2,hyper
GNL2,Gnl2,hyper
GNL3,Gnl3,hyper
GNPTG,Gnptg,hyper
GNRH2,Gnrh2,hyper
GOLGA1,Golga1,hyper
GOLGA5,Golga5,hyper
GOLGA7,Golga7,hyper
GOLIM4,Golim4,hyper
GOLPH3,Golph3,hyper
GON4L,Gon4l,hyper
GP1BA,Gp1ba,hyper
GPAT2,Gpat2,hyper
GPATCH2,Gpatch2,hyper
GPBP1L1,Gpbp1l1,hyper
GPC5,Gpc5,hyper
GPD1,Gpd1,hyper
GPM6B,Gpm6b,hyper
GPR108,Gpr108,hyper
GPR111,Gpr111,hyper
GPR114,Gpr114,hyper
GPR115,Gpr115,hyper
GPR116,Gpr116,hyper
GPR12,Gpr12,hyper
GPR123,Gpr123,hyper
GPR126,Gpr126,hyper
GPR132,Gpr132,hyper
GPR133,Gpr133,hyper
GPR137B,Gpr137b,hyper
GPR143,Gpr143,hyper
GPR149,Gpr149,hyper
GPR150,Gpr150,hyper
GPR156,Gpr156,hyper
GPR157,Gpr157,hyper
GPR161,Gpr161,hyper
GPR17,Gpr17,hyper
GPR180,Gpr180,hyper
GPR20,Gpr20,hyper
GPR26,Gpr26,hyper
GPR3,Gpr3,hyper
GPR37,Gpr37,hyper
GPR4,Gpr4,hyper
GPR56,Gpr56,hyper
GPR62,Gpr62,hyper
GPR63,Gpr63,hyper
GPR78,Gpr78,hyper
GPR85,Gpr85,hyper
GPR88,Gpr88,hyper
GPRC5B,Gprc5b,hyper
GPSM2,Gpsm2,hyper
GPSM3,Gpsm3,hyper
GPT2,Gpt2,hyper
GPX8,Gpx8,hyper
GRAMD2,Gramd2,hyper
GRAMD3,Gramd3,hyper
GRAP,Grap,hyper
GRASP,Grasp,hyper
GRB14,Grb14,hyper
GREM1,Grem1,hyper
GREM2,Grem2,hyper
GRHL2,Grhl2,hyper
GRHPR,Grhpr,hyper
GRID1,Grid1,hyper
GRIN1,Grin1,hyper
GRIN2B,Grin2b,hyper
GRIN2D,Grin2d,hyper
GRIP1,Grip1,hyper
GRM2,Grm2,hyper
GRM3,Grm3,hyper
GRM5,Grm5,hyper
GRM7,Grm7,hyper
GRN,Grn,hyper
GRPEL1,Grpel1,hyper
GSDMD,Gsdmd,hyper
GSG1L,Gsg1l,hyper
GSK3A,Gsk3a,hyper
GSN,Gsn,hyper
GSTCD,Gstcd,hyper
GSTK1,Gstk1,hyper
GSTO2,Gsto2,hyper
GSTT1,Gstt1,hyper
GSTT2,Gstt2,hyper
GSTZ1,Gstz1,hyper
GSX2,Gsx2,hyper
GTF2I,Gtf2i,hyper
GTF2IRD1,Gtf2ird1,hyper
GTPBP10,Gtpbp10,hyper
GTPBP3,Gtpbp3,hyper
GUCY1A2,Gucy1a2,hyper
GUCY1A3,Gucy1a3,hyper
GUK1,Guk1,hyper
GULP1,Gulp1,hyper
GXYLT2,Gxylt2,hyper
GYPC,Gypc,hyper
GZMA,Gzma,hyper
GZMB,Gzmb,hyper
H2AFX,H2afx,hyper
H6PD,H6pd,hyper
HAAO,Haao,hyper
HABP2,Habp2,hyper
HABP4,Habp4,hyper
HADHB,Hadhb,hyper
HAGHL,Haghl,hyper
HAPLN2,Hapln2,hyper
HAPLN4,Hapln4,hyper
HARBI1,Harbi1,hyper
HARS,Hars,hyper
HAS1,Has1,hyper
HBA1,Hba1,hyper
HBA2,Hba2,hyper
HBS1L,Hbs1l,hyper
HCAR1,Hcar1,hyper
HCFC1R1,Hcfc1r1,hyper
HCFC2,Hcfc2,hyper
HCN3,Hcn3,hyper
HCN4,Hcn4,hyper
HDAC1,Hdac1,hyper
HDAC11,Hdac11,hyper
HDAC4,Hdac4,hyper
HDDC3,Hddc3,hyper
HDGF,Hdgf,hyper
HDLBP,Hdlbp,hyper
HEATR1,Heatr1,hyper
HEATR5A,Heatr5a,hyper
HEATR5B,Heatr5b,hyper
HEBP1,Hebp1,hyper
HECA,Heca,hyper
HEG1,Heg1,hyper
HEPACAM,Hepacam,hyper
HEPH,Heph,hyper
HERC5,Herc5,hyper
HERC6,Herc6,hyper
HERPUD1,Herpud1,hyper
HES1,Hes1,hyper
HES4,Hes4,hyper
HEXIM1,Hexim1,hyper
HEY2,Hey2,hyper
HEYL,Heyl,hyper
HGF,Hgf,hyper
HHAT,Hhat,hyper
HHATL,Hhatl,hyper
HHEX,Hhex,hyper
HHIP,Hhip,hyper
HIAT1,Hiat1,hyper
HIATL1,Hiatl1,hyper
HIBADH,Hibadh,hyper
HIC1,Hic1,hyper
HIC2,Hic2,hyper
HIF3A,Hif3a,hyper
HIGD1B,Higd1b,hyper
HIGD2A,Higd2a,hyper
HINT2,Hint2,hyper
HIP1,Hip1,hyper
HIP1R,Hip1r,hyper
HIST1H1A,Hist1h1a,hyper
HIST1H2AC,Hist1h2ac,hyper
HIST4H4,Hist4h4,hyper
HLA-B,Hla-b,hyper
HLA-C,Hla-c,hyper
HLA-DOB,Hla-dob,hyper
HLA-E,Hla-e,hyper
HLA-G,Hla-g,hyper
HLCS,Hlcs,hyper
HLF,Hlf,hyper
HM13,Hm13,hyper
HMBS,Hmbs,hyper
HMCN1,Hmcn1,hyper
HMG20B,Hmg20b,hyper
HMGA2,Hmga2,hyper
HMGB1,Hmgb1,hyper
HMGB2,Hmgb2,hyper
HMGB3,Hmgb3,hyper
HMGCL,Hmgcl,hyper
HMGXB3,Hmgxb3,hyper
HMMR,Hmmr,hyper
HMOX1,Hmox1,hyper
HMSD,Hmsd,hyper
HMX1,Hmx1,hyper
HN1L,Hn1l,hyper
HNF4A,Hnf4a,hyper
HNRNPF,Hnrnpf,hyper
HOMEZ,Homez,hyper
HOXD1,Hoxd1,hyper
HP1BP3,Hp1bp3,hyper
HPGD,Hpgd,hyper
HPN,Hpn,hyper
HPR,Hpr,hyper
HPS1,Hps1,hyper
HPSE2,Hpse2,hyper
HRASLS,Hrasls,hyper
HRC,Hrc,hyper
HRH2,Hrh2,hyper
HRH4,Hrh4,hyper
HRSP12,Hrsp12,hyper
HS3ST3A1,Hs3st3a1,hyper
HS3ST5,Hs3st5,hyper
HS6ST1,Hs6st1,hyper
HS6ST2,Hs6st2,hyper
HS6ST3,Hs6st3,hyper
HSBP1,Hsbp1,hyper
HSD11B1,Hsd11b1,hyper
HSD17B12,Hsd17b12,hyper
HSD17B3,Hsd17b3,hyper
HSD17B4,Hsd17b4,hyper
HSD17B7,Hsd17b7,hyper
HSDL2,Hsdl2,hyper
HSH2D,Hsh2d,hyper
HSP90AB1,Hsp90ab1,hyper
HSP90B1,Hsp90b1,hyper
HSPA12A,Hspa12a,hyper
HSPA12B,Hspa12b,hyper
HSPA13,Hspa13,hyper
HSPA1A,Hspa1a,hyper
HSPA2,Hspa2,hyper
HSPA4,Hspa4,hyper
HSPA4L,Hspa4l,hyper
HSPA9,Hspa9,hyper
HSPB1,Hspb1,hyper
HSPB2,Hspb2,hyper
HSPB6,Hspb6,hyper
HSPB8,Hspb8,hyper
HSPBP1,Hspbp1,hyper
HSPD1,Hspd1,hyper
HSPE1,Hspe1,hyper
HSPH1,Hsph1,hyper
HTATIP2,Htatip2,hyper
HTR2A,Htr2a,hyper
HTR2C,Htr2c,hyper
HTR6,Htr6,hyper
HTR7,Htr7,hyper
HTRA1,Htra1,hyper
HTRA3,Htra3,hyper
HVCN1,Hvcn1,hyper
HYAL2,Hyal2,hyper
HYAL3,Hyal3,hyper
HYOU1,Hyou1,hyper
ICAM1,Icam1,hyper
ICAM2,Icam2,hyper
ICK,Ick,hyper
ICOSLG,Icoslg,hyper
ID1,Id1,hyper
ID3,Id3,hyper
IDH2,Idh2,hyper
IDH3A,Idh3a,hyper
IDS,Ids,hyper
IER5L,Ier5l,hyper
IFI27,Ifi27,hyper
IFI35,Ifi35,hyper
IFI44,Ifi44,hyper
IFI44L,Ifi44l,hyper
IFIH1,Ifih1,hyper
IFIT2,Ifit2,hyper
IFIT3,Ifit3,hyper
IFITM1,Ifitm1,hyper
IFITM2,Ifitm2,hyper
IFITM3,Ifitm3,hyper
IFNA1,Ifna1,hyper
IFNAR1,Ifnar1,hyper
IFNAR2,Ifnar2,hyper
IFNGR1,Ifngr1,hyper
IFT57,Ift57,hyper
IFT80,Ift80,hyper
IFT88,Ift88,hyper
IGF1,Igf1,hyper
IGF2,Igf2,hyper
IGFALS,Igfals,hyper
IGFBP2,Igfbp2,hyper
IGFBP7,Igfbp7,hyper
IGFL2,Igfl2,hyper
IGFN1,Igfn1,hyper
IGSF1,Igsf1,hyper
IGSF11,Igsf11,hyper
IGSF3,Igsf3,hyper
IGSF5,Igsf5,hyper
IGSF9,Igsf9,hyper
IKBKE,Ikbke,hyper
IKZF2,Ikzf2,hyper
IL10RA,Il10ra,hyper
IL10RB,Il10rb,hyper
IL12A,Il12a,hyper
IL13RA1,Il13ra1,hyper
IL15RA,Il15ra,hyper
IL17RA,Il17ra,hyper
IL17REL,Il17rel,hyper
IL18R1,Il18r1,hyper
IL1RAP,Il1rap,hyper
IL1RAPL1,Il1rapl1,hyper
IL21R,Il21r,hyper
IL2RB,Il2rb,hyper
IL32,Il32,hyper
IL4I1,Il4i1,hyper
IL6R,Il6r,hyper
IL6ST,Il6st,hyper
IL7R,Il7r,hyper
IL9R,Il9r,hyper
ILVBL,Ilvbl,hyper
IMP4,Imp4,hyper
IMPA1,Impa1,hyper
IMPA2,Impa2,hyper
IMPACT,Impact,hyper
IMPDH1,Impdh1,hyper
IMPG2,Impg2,hyper
INA,Ina,hyper
INCA1,Inca1,hyper
INF2,Inf2,hyper
INHBA,Inhba,hyper
INHBB,Inhbb,hyper
INO80B,Ino80b,hyper
INO80D,Ino80d,hyper
INPP1,Inpp1,hyper
INPP4B,Inpp4b,hyper
INPP5A,Inpp5a,hyper
INPP5D,Inpp5d,hyper
INPP5F,Inpp5f,hyper
INPP5K,Inpp5k,hyper
INPPL1,Inppl1,hyper
INSM2,Insm2,hyper
INTS1,Ints1,hyper
INTS12,Ints12,hyper
INTS5,Ints5,hyper
INTS7,Ints7,hyper
INTS9,Ints9,hyper
IP6K3,Ip6k3,hyper
IPO11,Ipo11,hyper
IPO13,Ipo13,hyper
IPO7,Ipo7,hyper
IQCA1,Iqca1,hyper
IQCD,Iqcd,hyper
IQCE,Iqce,hyper
IQCG,Iqcg,hyper
IQCH,Iqch,hyper
IQGAP1,Iqgap1,hyper
IQGAP3,Iqgap3,hyper
IQSEC2,Iqsec2,hyper
IRAK3,Irak3,hyper
IRAK4,Irak4,hyper
IRF8,Irf8,hyper
IRF9,Irf9,hyper
IRX3,Irx3,hyper
ISCA1,Isca1,hyper
ISG15,Isg15,hyper
ISG20,Isg20,hyper
ISLR,Islr,hyper
ISOC1,Isoc1,hyper
ISOC2,Isoc2,hyper
IST1,Ist1,hyper
ISYNA1,Isyna1,hyper
ITCH,Itch,hyper
ITFG3,Itfg3,hyper
ITGA1,Itga1,hyper
ITGA2,Itga2,hyper
ITGA5,Itga5,hyper
ITGA6,Itga6,hyper
ITGA9,Itga9,hyper
ITGAL,Itgal,hyper
ITGB1,Itgb1,hyper
ITGB3,Itgb3,hyper
ITGB7,Itgb7,hyper
ITGB8,Itgb8,hyper
ITIH3,Itih3,hyper
ITIH5,Itih5,hyper
ITM2A,Itm2a,hyper
ITM2C,Itm2c,hyper
ITPA,Itpa,hyper
ITPK1,Itpk1,hyper
ITPKB,Itpkb,hyper
ITPR2,Itpr2,hyper
ITPR3,Itpr3,hyper
ITPRIP,Itprip,hyper
ITPRIPL2,Itpripl2,hyper
ITSN2,Itsn2,hyper
IVNS1ABP,Ivns1abp,hyper
JAG1,Jag1,hyper
JAKMIP1,Jakmip1,hyper
JAKMIP3,Jakmip3,hyper
JAM2,Jam2,hyper
JAM3,Jam3,hyper
JDP2,Jdp2,hyper
JMY,Jmy,hyper
JOSD2,Josd2,hyper
JPH2,Jph2,hyper
JUNB,Junb,hyper
KAL1,Kal1,hyper
KANK3,Kank3,hyper
KANK4,Kank4,hyper
KATNAL1,Katnal1,hyper
KATNAL2,Katnal2,hyper
KAZALD1,Kazald1,hyper
KCMF1,Kcmf1,hyper
KCNA1,Kcna1,hyper
KCNA4,Kcna4,hyper
KCNAB2,Kcnab2,hyper
KCNB1,Kcnb1,hyper
KCNB2,Kcnb2,hyper
KCNC2,Kcnc2,hyper
KCND1,Kcnd1,hyper
KCNE1,Kcne1,hyper
KCNE4,Kcne4,hyper
KCNF1,Kcnf1,hyper
KCNG4,Kcng4,hyper
KCNH3,Kcnh3,hyper
KCNH4,Kcnh4,hyper
KCNH5,Kcnh5,hyper
KCNH6,Kcnh6,hyper
KCNH8,Kcnh8,hyper
KCNIP2,Kcnip2,hyper
KCNJ10,Kcnj10,hyper
KCNJ2,Kcnj2,hyper
KCNJ4,Kcnj4,hyper
KCNJ8,Kcnj8,hyper
KCNK15,Kcnk15,hyper
KCNK2,Kcnk2,hyper
KCNK5,Kcnk5,hyper
KCNK7,Kcnk7,hyper
KCNMA1,Kcnma1,hyper
KCNN1,Kcnn1,hyper
KCNN3,Kcnn3,hyper
KCNN4,Kcnn4,hyper
KCNQ3,Kcnq3,hyper
KCNQ4,Kcnq4,hyper
KCNS3,Kcns3,hyper
KCTD10,Kctd10,hyper
KCTD14,Kctd14,hyper
KCTD16,Kctd16,hyper
KCTD17,Kctd17,hyper
KCTD21,Kctd21,hyper
KCTD7,Kctd7,hyper
KCTD9,Kctd9,hyper
KDELR1,Kdelr1,hyper
KDELR2,Kdelr2,hyper
KDR,Kdr,hyper
KDSR,Kdsr,hyper
KEAP1,Keap1,hyper
KEL,Kel,hyper
KHDRBS2,Khdrbs2,hyper
KIAA0101,Kiaa0101,hyper
KIAA0196,Kiaa0196,hyper
KIAA0319L,Kiaa0319l,hyper
KIAA0368,Kiaa0368,hyper
KIAA0408,Kiaa0408,hyper
KIAA0430,Kiaa0430,hyper
KIAA0556,Kiaa0556,hyper
KIAA0922,Kiaa0922,hyper
KIAA1033,Kiaa1033,hyper
KIAA1109,Kiaa1109,hyper
KIAA1143,Kiaa1143,hyper
KIAA1217,Kiaa1217,hyper
KIAA1324,Kiaa1324,hyper
KIAA1324L,Kiaa1324l,hyper
KIAA1377,Kiaa1377,hyper
KIAA1407,Kiaa1407,hyper
KIAA1462,Kiaa1462,hyper
KIAA1522,Kiaa1522,hyper
KIAA1598,Kiaa1598,hyper
KIAA1671,Kiaa1671,hyper
KIAA1755,Kiaa1755,hyper
KIAA1841,Kiaa1841,hyper
KIAA1958,Kiaa1958,hyper
KIAA2013,Kiaa2013,hyper
KIF11,Kif11,hyper
KIF13B,Kif13b,hyper
KIF17,Kif17,hyper
KIF19,Kif19,hyper
KIF1C,Kif1c,hyper
KIF21A,Kif21a,hyper
KIF24,Kif24,hyper
KIF26A,Kif26a,hyper
KIF2A,Kif2a,hyper
KIF3C,Kif3c,hyper
KIF5A,Kif5a,hyper
KIF6,Kif6,hyper
KIF9,Kif9,hyper
KIFC3,Kifc3,hyper
KIRREL,Kirrel,hyper
KIRREL2,Kirrel2,hyper
KISS1R,Kiss1r,hyper
KITLG,Kitlg,hyper
KLB,Klb,hyper
KLF1,Klf1,hyper
KLF15,Klf15,hyper
KLF2,Klf2,hyper
KLF3,Klf3,hyper
KLF4,Klf4,hyper
KLF5,Klf5,hyper
KLHL13,Klhl13,hyper
KLHL21,Klhl21,hyper
KLHL25,Klhl25,hyper
KLHL32,Klhl32,hyper
KLHL4,Klhl4,hyper
KLHL6,Klhl6,hyper
KLHL9,Klhl9,hyper
KLK14,Klk14,hyper
KLK6,Klk6,hyper
KLRC2,Klrc2,hyper
KLRC3,Klrc3,hyper
KLRC4,Klrc4,hyper
KLRK1,Klrk1,hyper
KMO,Kmo,hyper
KPNA1,Kpna1,hyper
KPNA3,Kpna3,hyper
KPNB1,Kpnb1,hyper
KREMEN1,Kremen1,hyper
KRT222,Krt222,hyper
KRT7,Krt7,hyper
KRT81,Krt81,hyper
KRTAP5-1,Krtap5-1,hyper
KRTAP5-9,Krtap5-9,hyper
KRTCAP2,Krtcap2,hyper
KTN1,Ktn1,hyper
KYNU,Kynu,hyper
LACE1,Lace1,hyper
LACTB,Lactb,hyper
LACTB2,Lactb2,hyper
LAMA1,Lama1,hyper
LAMA2,Lama2,hyper
LAMA3,Lama3,hyper
LAMA4,Lama4,hyper
LAMC3,Lamc3,hyper
LAMP1,Lamp1,hyper
LAMP2,Lamp2,hyper
LANCL1,Lancl1,hyper
LAP3,Lap3,hyper
LAPTM4A,Laptm4a,hyper
LAPTM4B,Laptm4b,hyper
LARP6,Larp6,hyper
LARS2,Lars2,hyper
LASP1,Lasp1,hyper
LAYN,Layn,hyper
LBH,Lbh,hyper
LBR,Lbr,hyper
LCA5,Lca5,hyper
LCNL1,Lcnl1,hyper
LCP2,Lcp2,hyper
LCTL,Lctl,hyper
LDB2,Ldb2,hyper
LDB3,Ldb3,hyper
LDHAL6A,Ldhal6a,hyper
LDHB,Ldhb,hyper
LDHD,Ldhd,hyper
LECT1,Lect1,hyper
LEF1,Lef1,hyper
LENEP,Lenep,hyper
LEPR,Lepr,hyper
LEPREL1,Leprel1,hyper
LEPROT,Leprot,hyper
LEPROTL1,Leprotl1,hyper
LGALS1,Lgals1,hyper
LGALS3BP,Lgals3bp,hyper
LGALS8,Lgals8,hyper
LGALS9,Lgals9,hyper
LGI3,Lgi3,hyper
LGR5,Lgr5,hyper
LHFPL2,Lhfpl2,hyper
LHFPL3,Lhfpl3,hyper
LHFPL5,Lhfpl5,hyper
LHPP,Lhpp,hyper
LHX2,Lhx2,hyper
LHX6,Lhx6,hyper
LHX9,Lhx9,hyper
LIAS,Lias,hyper
LIFR,Lifr,hyper
LIG4,Lig4,hyper
LILRA1,Lilra1,hyper
LILRA6,Lilra6,hyper
LIMCH1,Limch1,hyper
LIMD1,Limd1,hyper
LIMD2,Limd2,hyper
LIME1,Lime1,hyper
LIMK1,Limk1,hyper
LIMS1,Lims1,hyper
LIMS2,Lims2,hyper
LIMS3,Lims3,hyper
LIN28B,Lin28b,hyper
LINGO3,Lingo3,hyper
LIPA,Lipa,hyper
LIPE,Lipe,hyper
LITAF,Litaf,hyper
LIX1,Lix1,hyper
LLGL1,Llgl1,hyper
LMBR1,Lmbr1,hyper
LMLN,Lmln,hyper
LMNA,Lmna,hyper
LMO2,Lmo2,hyper
LMO7,Lmo7,hyper
LMOD1,Lmod1,hyper
LNX1,Lnx1,hyper
LOH12CR1,Loh12cr1,hyper
LOH12CR2,Loh12cr2,hyper
LONP2,Lonp2,hyper
LOXL1,Loxl1,hyper
LPAR1,Lpar1,hyper
LPCAT2,Lpcat2,hyper
LPGAT1,Lpgat1,hyper
LPHN2,Lphn2,hyper
LPIN3,Lpin3,hyper
LPO,Lpo,hyper
LPXN,Lpxn,hyper
LRCH4,Lrch4,hyper
LRFN5,Lrfn5,hyper
LRIG3,Lrig3,hyper
LRP10,Lrp10,hyper
LRP11,Lrp11,hyper
LRP2,Lrp2,hyper
LRP3,Lrp3,hyper
LRP4,Lrp4,hyper
LRP5L,Lrp5l,hyper
LRPAP1,Lrpap1,hyper
LRRC1,Lrrc1,hyper
LRRC20,Lrrc20,hyper
LRRC32,Lrrc32,hyper
LRRC34,Lrrc34,hyper
LRRC39,Lrrc39,hyper
LRRC41,Lrrc41,hyper
LRRC43,Lrrc43,hyper
LRRC46,Lrrc46,hyper
LRRC49,Lrrc49,hyper
LRRC4C,Lrrc4c,hyper
LRRC55,Lrrc55,hyper
LRRC6,Lrrc6,hyper
LRRC63,Lrrc63,hyper
LRRC66,Lrrc66,hyper
LRRC7,Lrrc7,hyper
LRRC8C,Lrrc8c,hyper
LRRC8D,Lrrc8d,hyper
LRRCC1,Lrrcc1,hyper
LRRFIP1,Lrrfip1,hyper
LRRIQ1,Lrriq1,hyper
LRRK2,Lrrk2,hyper
LRRN1,Lrrn1,hyper
LRRN2,Lrrn2,hyper
LRRTM1,Lrrtm1,hyper
LRRTM2,Lrrtm2,hyper
LRTM2,Lrtm2,hyper
LSAMP,Lsamp,hyper
LSG1,Lsg1,hyper
LSM12,Lsm12,hyper
LSM14A,Lsm14a,hyper
LSS,Lss,hyper
LTB4R,Ltb4r,hyper
LTB4R2,Ltb4r2,hyper
LTBP1,Ltbp1,hyper
LTBR,Ltbr,hyper
LTV1,Ltv1,hyper
LUZP2,Luzp2,hyper
LY6D,Ly6d,hyper
LY6G5C,Ly6g5c,hyper
LY9,Ly9,hyper
LYAR,Lyar,hyper
LYNX1,Lynx1,hyper
LYPD3,Lypd3,hyper
LYPD5,Lypd5,hyper
LYPD6,Lypd6,hyper
LYRM2,Lyrm2,hyper
LYRM5,Lyrm5,hyper
LYRM7,Lyrm7,hyper
LYZ,Lyz,hyper
LZIC,Lzic,hyper
LZTS1,Lzts1,hyper
LZTS2,Lzts2,hyper
M6PR,M6pr,hyper
MACROD2,Macrod2,hyper
MAFA,Mafa,hyper
MAFK,Mafk,hyper
MAG,Mag,hyper
MAGEC3,Magec3,hyper
MAGEL2,Magel2,hyper
MAGI2,Magi2,hyper
MAGT1,Magt1,hyper
MAL,Mal,hyper
MAMSTR,Mamstr,hyper
MAN1A2,Man1a2,hyper
MAN2A1,Man2a1,hyper
MAN2A2,Man2a2,hyper
MAN2B2,Man2b2,hyper
MANEA,Manea,hyper
MAOA,Maoa,hyper
MAOB,Maob,hyper
MAP1B,Map1b,hyper
MAP2,Map2,hyper
MAP2K4,Map2k4,hyper
MAP3K10,Map3k10,hyper
MAP3K11,Map3k11,hyper
MAP3K8,Map3k8,hyper
MAP4K4,Map4k4,hyper
MAP4K5,Map4k5,hyper
MAP7,Map7,hyper
MAP7D3,Map7d3,hyper
MAP9,Map9,hyper
MAPKAP1,Mapkap1,hyper
MAPKAPK3,Mapkapk3,hyper
MAPRE1,Mapre1,hyper
MAPRE2,Mapre2,hyper
MAPRE3,Mapre3,hyper
MARCKSL1,Marcksl1,hyper
MARK1,Mark1,hyper
MARK4,Mark4,hyper
MARVELD2,Marveld2,hyper
MAST3,Mast3,hyper
MAT2A,Mat2a,hyper
MATN3,Matn3,hyper
MATN4,Matn4,hyper
MBD2,Mbd2,hyper
MBNL1,Mbnl1,hyper
MBNL3,Mbnl3,hyper
MBOAT1,Mboat1,hyper
MBP,Mbp,hyper
MCAM,Mcam,hyper
MCAT,Mcat,hyper
MCCC1,Mccc1,hyper
MCF2,Mcf2,hyper
MCM7,Mcm7,hyper
MDFI,Mdfi,hyper
MDFIC,Mdfic,hyper
MDH1B,Mdh1b,hyper
ME1,Me1,hyper
ME3,Me3,hyper
MED11,Med11,hyper
MED12L,Med12l,hyper
MED28,Med28,hyper
MEF2A,Mef2a,hyper
MEF2BNB,Mef2bnb,hyper
MEFV,Mefv,hyper
MEGF10,Megf10,hyper
MEGF6,Megf6,hyper
MEI1,Mei1,hyper
MEIS2,Meis2,hyper
MERTK,Mertk,hyper
MESDC2,Mesdc2,hyper
METAP1D,Metap1d,hyper
METAP2,Metap2,hyper
METRNL,Metrnl,hyper
METTL1,Mettl1,hyper
METTL8,Mettl8,hyper
METTL9,Mettl9,hyper
MFAP3L,Mfap3l,hyper
MFF,Mff,hyper
MFGE8,Mfge8,hyper
MFI2,Mfi2,hyper
MFN2,Mfn2,hyper
MFNG,Mfng,hyper
MFSD11,Mfsd11,hyper
MFSD6,Mfsd6,hyper
MFSD9,Mfsd9,hyper
MGAT1,Mgat1,hyper
MGAT4C,Mgat4c,hyper
MGAT5B,Mgat5b,hyper
MGST2,Mgst2,hyper
MGST3,Mgst3,hyper
MIA3,Mia3,hyper
MIB2,Mib2,hyper
MICA,Mica,hyper
MICALL1,Micall1,hyper
MID1IP1,Mid1ip1,hyper
MID2,Mid2,hyper
MIEN1,Mien1,hyper
MIER2,Mier2,hyper
MIPOL1,Mipol1,hyper
MITF,Mitf,hyper
MKRN3,Mkrn3,hyper
MLEC,Mlec,hyper
MLF1,Mlf1,hyper
MLKL,Mlkl,hyper
MLLT1,Mllt1,hyper
MLLT3,Mllt3,hyper
MLXIPL,Mlxipl,hyper
MLYCD,Mlycd,hyper
MMAB,Mmab,hyper
MMACHC,Mmachc,hyper
MMD2,Mmd2,hyper
MME,Mme,hyper
MMEL1,Mmel1,hyper
MMP15,Mmp15,hyper
MMP17,Mmp17,hyper
MMP19,Mmp19,hyper
MMP28,Mmp28,hyper
MMRN2,Mmrn2,hyper
MN1,Mn1,hyper
MND1,Mnd1,hyper
MOBP,Mobp,hyper
MOCS1,Mocs1,hyper
MOG,Mog,hyper
MOGAT1,Mogat1,hyper
MON1A,Mon1a,hyper
MON1B,Mon1b,hyper
MORN5,Morn5,hyper
MOSPD2,Mospd2,hyper
MOSPD3,Mospd3,hyper
MOV10,Mov10,hyper
MOXD1,Moxd1,hyper
MPDU1,Mpdu1,hyper
MPHOSPH8,Mphosph8,hyper
MPI,Mpi,hyper
MPP1,Mpp1,hyper
MPP5,Mpp5,hyper
MPPE1,Mppe1,hyper
MPRIP,Mprip,hyper
MPST,Mpst,hyper
MPV17L2,Mpv17l2,hyper
MPZL1,Mpzl1,hyper
MR1,Mr1,hyper
MRAP,Mrap,hyper
MRAS,Mras,hyper
MRC2,Mrc2,hyper
MRO,Mro,hyper
MRPL11,Mrpl11,hyper
MRPL12,Mrpl12,hyper
MRPL15,Mrpl15,hyper
MRPL16,Mrpl16,hyper
MRPL19,Mrpl19,hyper
MRPL20,Mrpl20,hyper
MRPL27,Mrpl27,hyper
MRPL34,Mrpl34,hyper
MRPL35,Mrpl35,hyper
MRPL41,Mrpl41,hyper
MRPL42,Mrpl42,hyper
MRPL44,Mrpl44,hyper
MRPL47,Mrpl47,hyper
MRPL48,Mrpl48,hyper
MRPL50,Mrpl50,hyper
MRPL51,Mrpl51,hyper
MRPL52,Mrpl52,hyper
MRPS12,Mrps12,hyper
MRPS15,Mrps15,hyper
MRPS16,Mrps16,hyper
MRPS17,Mrps17,hyper
MRPS25,Mrps25,hyper
MRPS33,Mrps33,hyper
MRPS36,Mrps36,hyper
MRPS9,Mrps9,hyper
MRVI1,Mrvi1,hyper
MS4A6A,Ms4a6a,hyper
MSANTD1,Msantd1,hyper
MSANTD3,Msantd3,hyper
MSH3,Msh3,hyper
MSI1,Msi1,hyper
MSN,Msn,hyper
MSRB2,Msrb2,hyper
MSX1,Msx1,hyper
MT1E,Mt1e,hyper
MT1G,Mt1g,hyper
MT1M,Mt1m,hyper
MT1X,Mt1x,hyper
MT2A,Mt2a,hyper
MTAP,Mtap,hyper
MTCH2,Mtch2,hyper
MTF1,Mtf1,hyper
MTHFD1,Mthfd1,hyper
MTHFD2,Mthfd2,hyper
MTIF2,Mtif2,hyper
MTL5,Mtl5,hyper
MTM1,Mtm1,hyper
MTMR10,Mtmr10,hyper
MTMR11,Mtmr11,hyper
MTMR2,Mtmr2,hyper
MTMR6,Mtmr6,hyper
MTMR7,Mtmr7,hyper
MTOR,Mtor,hyper
MTRR,Mtrr,hyper
MTTP,Mttp,hyper
MUC1,Muc1,hyper
MUC4,Muc4,hyper
MUL1,Mul1,hyper
MURC,Murc,hyper
MUSTN1,Mustn1,hyper
MUT,Mut,hyper
MVK,Mvk,hyper
MVP,Mvp,hyper
MX1,Mx1,hyper
MXD3,Mxd3,hyper
MXRA5,Mxra5,hyper
MXRA7,Mxra7,hyper
MYADML2,Myadml2,hyper
MYBBP1A,Mybbp1a,hyper
MYBPC1,Mybpc1,hyper
MYBPC3,Mybpc3,hyper
MYBPH,Mybph,hyper
MYC,Myc,hyper
MYCN,Mycn,hyper
MYCT1,Myct1,hyper
MYEOV2,Myeov2,hyper
MYH10,Myh10,hyper
MYH11,Myh11,hyper
MYH14,Myh14,hyper
MYH15,Myh15,hyper
MYH7,Myh7,hyper
MYH7B,Myh7b,hyper
MYH9,Myh9,hyper
MYL12A,Myl12a,hyper
MYLK,Mylk,hyper
MYLK2,Mylk2,hyper
MYO10,Myo10,hyper
MYO18A,Myo18a,hyper
MYO18B,Myo18b,hyper
MYO1B,Myo1b,hyper
MYO1D,Myo1d,hyper
MYO1E,Myo1e,hyper
MYO1H,Myo1h,hyper
MYO3A,Myo3a,hyper
MYO5A,Myo5a,hyper
MYO5B,Myo5b,hyper
MYO6,Myo6,hyper
MYO9A,Myo9a,hyper
MYO9B,Myo9b,hyper
MYOF,Myof,hyper
MYOG,Myog,hyper
MYOT,Myot,hyper
MYOZ2,Myoz2,hyper
MYOZ3,Myoz3,hyper
MYPOP,Mypop,hyper
N6AMT1,N6amt1,hyper
NAALAD2,Naalad2,hyper
NAALADL2,Naaladl2,hyper
NACC2,Nacc2,hyper
NADSYN1,Nadsyn1,hyper
NAGLU,Naglu,hyper
NAGS,Nags,hyper
NAIP,Naip,hyper
NAP1L1,Nap1l1,hyper
NAP1L4,Nap1l4,hyper
NAPG,Napg,hyper
NAPSA,Napsa,hyper
NARG2,Narg2,hyper
NARS,Nars,hyper
NAT8L,Nat8l,hyper
NAV1,Nav1,hyper
NBR1,Nbr1,hyper
NCALD,Ncald,hyper
NCAN,Ncan,hyper
NCAPD2,Ncapd2,hyper
NCAPH,Ncaph,hyper
NCBP1,Ncbp1,hyper
NCBP2,Ncbp2,hyper
NCDN,Ncdn,hyper
NCF1,Ncf1,hyper
NCF4,Ncf4,hyper
NCOA4,Ncoa4,hyper
NCSTN,Ncstn,hyper
NDE1,Nde1,hyper
NDFIP1,Ndfip1,hyper
NDNL2,Ndnl2,hyper
NDOR1,Ndor1,hyper
NDRG1,Ndrg1,hyper
NDRG4,Ndrg4,hyper
NDST1,Ndst1,hyper
NDUFA10,Ndufa10,hyper
NDUFA2,Ndufa2,hyper
NDUFA3,Ndufa3,hyper
NDUFA4L2,Ndufa4l2,hyper
NDUFA6,Ndufa6,hyper
NDUFA7,Ndufa7,hyper
NDUFA8,Ndufa8,hyper
NDUFAF2,Ndufaf2,hyper
NDUFAF3,Ndufaf3,hyper
NDUFAF4,Ndufaf4,hyper
NDUFB10,Ndufb10,hyper
NDUFB9,Ndufb9,hyper
NDUFS1,Ndufs1,hyper
NDUFS3,Ndufs3,hyper
NDUFS5,Ndufs5,hyper
NDUFS7,Ndufs7,hyper
NDUFS8,Ndufs8,hyper
NDUFV3,Ndufv3,hyper
NEB,Neb,hyper
NECAB1,Necab1,hyper
NECAB2,Necab2,hyper
NECAP2,Necap2,hyper
NEDD1,Nedd1,hyper
NEDD8,Nedd8,hyper
NEDD9,Nedd9,hyper
NEFH,Nefh,hyper
NEFM,Nefm,hyper
NEK10,Nek10,hyper
NEK11,Nek11,hyper
NEK3,Nek3,hyper
NEK6,Nek6,hyper
NEK7,Nek7,hyper
NENF,Nenf,hyper
NEO1,Neo1,hyper
NETO1,Neto1,hyper
NEU4,Neu4,hyper
NEXN,Nexn,hyper
NF2,Nf2,hyper
NFASC,Nfasc,hyper
NFATC2,Nfatc2,hyper
NFATC4,Nfatc4,hyper
NFE2,Nfe2,hyper
NFE2L1,Nfe2l1,hyper
NFE2L2,Nfe2l2,hyper
NFIL3,Nfil3,hyper
NFKB2,Nfkb2,hyper
NFKBIA,Nfkbia,hyper
NFKBIZ,Nfkbiz,hyper
NFS1,Nfs1,hyper
NGEF,Ngef,hyper
NGRN,Ngrn,hyper
NID1,Nid1,hyper
NINJ2,Ninj2,hyper
NIPA1,Nipa1,hyper
NIPA2,Nipa2,hyper
NIPAL3,Nipal3,hyper
NIPAL4,Nipal4,hyper
NKAIN3,Nkain3,hyper
NKAPL,Nkapl,hyper
NKD1,Nkd1,hyper
NKG7,Nkg7,hyper
NKX1-2,Nkx1-2,hyper
NKX2-2,Nkx2-2,hyper
NKX3-1,Nkx3-1,hyper
NKX6-1,Nkx6-1,hyper
NKX6-2,Nkx6-2,hyper
NLGN4X,Nlgn4x,hyper
NLGN4Y,Nlgn4y,hyper
NLK,Nlk,hyper
NLN,Nln,hyper
NLRP4,Nlrp4,hyper
NME2,Nme2,hyper
NME5,Nme5,hyper
NME7,Nme7,hyper
NMI,Nmi,hyper
NMNAT1,Nmnat1,hyper
NMRAL1,Nmral1,hyper
NNT,Nnt,hyper
NOB1,Nob1,hyper
NOC2L,Noc2l,hyper
NOC3L,Noc3l,hyper
NOC4L,Noc4l,hyper
NOG,Nog,hyper
NOL6,Nol6,hyper
NOM1,Nom1,hyper
NOS3,Nos3,hyper
NOSTRIN,Nostrin,hyper
NOTCH1,Notch1,hyper
NOTCH2NL,Notch2nl,hyper
NOTCH3,Notch3,hyper
NOTCH4,Notch4,hyper
NOVA2,Nova2,hyper
NOX4,Nox4,hyper
NPAS2,Npas2,hyper
NPAS3,Npas3,hyper
NPBWR2,Npbwr2,hyper
NPC1,Npc1,hyper
NPC2,Npc2,hyper
NPEPPS,Npepps,hyper
NPHP1,Nphp1,hyper
NPL,Npl,hyper
NPNT,Npnt,hyper
NPPC,Nppc,hyper
NPR1,Npr1,hyper
NPTN,Nptn,hyper
NPTX2,Nptx2,hyper
NPY1R,Npy1r,hyper
NPY5R,Npy5r,hyper
NQO1,Nqo1,hyper
NR1H3,Nr1h3,hyper
NR1I3,Nr1i3,hyper
NR2E1,Nr2e1,hyper
NRARP,Nrarp,hyper
NRAS,Nras,hyper
NRBP2,Nrbp2,hyper
NRCAM,Nrcam,hyper
NRD1,Nrd1,hyper
NRG1,Nrg1,hyper
NRG3,Nrg3,hyper
NRGN,Nrgn,hyper
NRN1L,Nrn1l,hyper
NRP1,Nrp1,hyper
NRP2,Nrp2,hyper
NRSN1,Nrsn1,hyper
NSA2,Nsa2,hyper
NSMCE2,Nsmce2,hyper
NSMCE4A,Nsmce4a,hyper
NSUN3,Nsun3,hyper
NSUN4,Nsun4,hyper
NT5DC1,Nt5dc1,hyper
NT5E,Nt5e,hyper
NTAN1,Ntan1,hyper
NTN1,Ntn1,hyper
NTN4,Ntn4,hyper
NTNG1,Ntng1,hyper
NTPCR,Ntpcr,hyper
NTRK1,Ntrk1,hyper
NTRK2,Ntrk2,hyper
NTSR2,Ntsr2,hyper
NUB1,Nub1,hyper
NUDCD2,Nudcd2,hyper
NUDT1,Nudt1,hyper
NUDT12,Nudt12,hyper
NUDT14,Nudt14,hyper
NUDT15,Nudt15,hyper
NUDT16,Nudt16,hyper
NUDT19,Nudt19,hyper
NUDT21,Nudt21,hyper
NUDT22,Nudt22,hyper
NUDT3,Nudt3,hyper
NUDT5,Nudt5,hyper
NUFIP1,Nufip1,hyper
NUP93,Nup93,hyper
NUTF2,Nutf2,hyper
NWD1,Nwd1,hyper
NXPE3,Nxpe3,hyper
NXPH1,Nxph1,hyper
NXT2,Nxt2,hyper
OAF,Oaf,hyper
OAS2,Oas2,hyper
OAS3,Oas3,hyper
OAT,Oat,hyper
OAZ2,Oaz2,hyper
OBFC1,Obfc1,hyper
OC90,Oc90,hyper
OCIAD2,Ociad2,hyper
OCRL,Ocrl,hyper
ODF3L2,Odf3l2,hyper
OGDH,Ogdh,hyper
OGDHL,Ogdhl,hyper
OGFR,Ogfr,hyper
OGT,Ogt,hyper
OLA1,Ola1,hyper
OLFM2,Olfm2,hyper
OLFM4,Olfm4,hyper
OLFML2A,Olfml2a,hyper
OLIG1,Olig1,hyper
OLIG2,Olig2,hyper
OLR1,Olr1,hyper
OMD,Omd,hyper
OMG,Omg,hyper
ONECUT2,Onecut2,hyper
OPA1,Opa1,hyper
OPA3,Opa3,hyper
OPALIN,Opalin,hyper
OPN3,Opn3,hyper
OPN4,Opn4,hyper
OPRK1,Oprk1,hyper
OR13A1,Or13a1,hyper
OR13C3,Or13c3,hyper
OR2L2,Or2l2,hyper
OR2M2,Or2m2,hyper
OR2M3,Or2m3,hyper
OR2M4,Or2m4,hyper
OR2T33,Or2t33,hyper
OR3A1,Or3a1,hyper
OR3A3,Or3a3,hyper
OR51E2,Or51e2,hyper
OR9A2,Or9a2,hyper
ORMDL2,Ormdl2,hyper
ORMDL3,Ormdl3,hyper
OSBP,Osbp,hyper
OSBPL1A,Osbpl1a,hyper
OSBPL3,Osbpl3,hyper
OSBPL5,Osbpl5,hyper
OSBPL6,Osbpl6,hyper
OSBPL8,Osbpl8,hyper
OSBPL9,Osbpl9,hyper
OSGIN1,Osgin1,hyper
OTOF,Otof,hyper
OTOS,Otos,hyper
OTUD7B,Otud7b,hyper
OTX1,Otx1,hyper
OVCH1,Ovch1,hyper
OXER1,Oxer1,hyper
OXGR1,Oxgr1,hyper
OXNAD1,Oxnad1,hyper
OXR1,Oxr1,hyper
P2RX6,P2rx6,hyper
P2RX7,P2rx7,hyper
P2RY14,P2ry14,hyper
P2RY2,P2ry2,hyper
PABPC5,Pabpc5,hyper
PACRGL,Pacrgl,hyper
PACS2,Pacs2,hyper
PACSIN3,Pacsin3,hyper
PADI2,Padi2,hyper
PADI4,Padi4,hyper
PAIP2B,Paip2b,hyper
PAK1IP1,Pak1ip1,hyper
PAK2,Pak2,hyper
PALM,Palm,hyper
PALM2,Palm2,hyper
PALM2-AKAP2,Palm2-akap2,hyper
PAM,Pam,hyper
PAMR1,Pamr1,hyper
PANX1,Panx1,hyper
PAOX,Paox,hyper
PAPD4,Papd4,hyper
PAPPA,Pappa,hyper
PAPSS1,Papss1,hyper
PAQR4,Paqr4,hyper
PAQR5,Paqr5,hyper
PAQR6,Paqr6,hyper
PAQR8,Paqr8,hyper
PAQR9,Paqr9,hyper
PARD3,Pard3,hyper
PARD6G,Pard6g,hyper
PARP1,Parp1,hyper
PARP10,Parp10,hyper
PARP12,Parp12,hyper
PARP14,Parp14,hyper
PARP3,Parp3,hyper
PARP4,Parp4,hyper
PARP8,Parp8,hyper
PARP9,Parp9,hyper
PARS2,Pars2,hyper
PAWR,Pawr,hyper
PBLD,Pbld,hyper
PBX1,Pbx1,hyper
PBX3,Pbx3,hyper
PBX4,Pbx4,hyper
PC,Pc,hyper
PCCB,Pccb,hyper
PCDH10,Pcdh10,hyper
PCDH11X,Pcdh11x,hyper
PCDH11Y,Pcdh11y,hyper
PCDH12,Pcdh12,hyper
PCDH17,Pcdh17,hyper
PCDH20,Pcdh20,hyper
PCDH7,Pcdh7,hyper
PCDH9,Pcdh9,hyper
PCDHB10,Pcdhb10,hyper
PCDHB13,Pcdhb13,hyper
PCDHB4,Pcdhb4,hyper
PCDHGA1,Pcdhga1,hyper
PCDHGA7,Pcdhga7,hyper
PCGF5,Pcgf5,hyper
PCOLCE2,Pcolce2,hyper
PCP4,Pcp4,hyper
PCP4L1,Pcp4l1,hyper
PCSK1,Pcsk1,hyper
PCSK2,Pcsk2,hyper
PCSK6,Pcsk6,hyper
PCTP,Pctp,hyper
PCYOX1,Pcyox1,hyper
PCYT1B,Pcyt1b,hyper
PDCD10,Pdcd10,hyper
PDCD6IP,Pdcd6ip,hyper
PDCL,Pdcl,hyper
PDCL3,Pdcl3,hyper
PDE11A,Pde11a,hyper
PDE1B,Pde1b,hyper
PDE1C,Pde1c,hyper
PDE2A,Pde2a,hyper
PDE4A,Pde4a,hyper
PDE4B,Pde4b,hyper
PDE6B,Pde6b,hyper
PDE7B,Pde7b,hyper
PDE8A,Pde8a,hyper
PDE8B,Pde8b,hyper
PDGFRA,Pdgfra,hyper
PDGFRB,Pdgfrb,hyper
PDGFRL,Pdgfrl,hyper
PDHB,Pdhb,hyper
PDHX,Pdhx,hyper
PDIA3,Pdia3,hyper
PDIA6,Pdia6,hyper
PDK3,Pdk3,hyper
PDK4,Pdk4,hyper
PDLIM4,Pdlim4,hyper
PDLIM5,Pdlim5,hyper
PDLIM7,Pdlim7,hyper
PDP1,Pdp1,hyper
PDS5A,Pds5a,hyper
PDXK,Pdxk,hyper
PDZD11,Pdzd11,hyper
PDZD2,Pdzd2,hyper
PDZD8,Pdzd8,hyper
PDZRN4,Pdzrn4,hyper
PEAR1,Pear1,hyper
PEBP1,Pebp1,hyper
PEBP4,Pebp4,hyper
PEPD,Pepd,hyper
PES1,Pes1,hyper
PEX11A,Pex11a,hyper
PEX12,Pex12,hyper
PEX14,Pex14,hyper
PEX16,Pex16,hyper
PEX19,Pex19,hyper
PEX26,Pex26,hyper
PEX5,Pex5,hyper
PEX5L,Pex5l,hyper
PFDN2,Pfdn2,hyper
PFDN6,Pfdn6,hyper
PFKFB2,Pfkfb2,hyper
PFKFB3,Pfkfb3,hyper
PFKL,Pfkl,hyper
PFKM,Pfkm,hyper
PFN1,Pfn1,hyper
PGAP2,Pgap2,hyper
PGM3,Pgm3,hyper
PGR,Pgr,hyper
PGRMC2,Pgrmc2,hyper
PHACTR2,Phactr2,hyper
PHC1,Phc1,hyper
PHF11,Phf11,hyper
PHF12,Phf12,hyper
PHGDH,Phgdh,hyper
PHKB,Phkb,hyper
PHLDA1,Phlda1,hyper
PHLDA3,Phlda3,hyper
PHLDB1,Phldb1,hyper
PHLDB2,Phldb2,hyper
PHLDB3,Phldb3,hyper
PHLPP1,Phlpp1,hyper
PHYH,Phyh,hyper
PHYHIP,Phyhip,hyper
PI16,Pi16,hyper
PICALM,Picalm,hyper
PIF1,Pif1,hyper
PIGK,Pigk,hyper
PIGN,Pign,hyper
PIGT,Pigt,hyper
PIGX,Pigx,hyper
PIH1D2,Pih1d2,hyper
PIK3C2B,Pik3c2b,hyper
PIK3CA,Pik3ca,hyper
PIK3CB,Pik3cb,hyper
PIK3CG,Pik3cg,hyper
PIM3,Pim3,hyper
PINK1,Pink1,hyper
PIP5K1C,Pip5k1c,hyper
PIR,Pir,hyper
PITPNA,Pitpna,hyper
PITPNC1,Pitpnc1,hyper
PITRM1,Pitrm1,hyper
PJA2,Pja2,hyper
PKD1L1,Pkd1l1,hyper
PLA2G16,Pla2g16,hyper
PLA2G6,Pla2g6,hyper
PLA2G7,Pla2g7,hyper
PLAC8,Plac8,hyper
PLAT,Plat,hyper
PLAU,Plau,hyper
PLAUR,Plaur,hyper
PLBD1,Plbd1,hyper
PLBD2,Plbd2,hyper
PLCB1,Plcb1,hyper
PLCB2,Plcb2,hyper
PLCD4,Plcd4,hyper
PLCE1,Plce1,hyper
PLCG2,Plcg2,hyper
PLCH1,Plch1,hyper
PLCL1,Plcl1,hyper
PLCXD2,Plcxd2,hyper
PLD1,Pld1,hyper
PLEK,Plek,hyper
PLEKHA1,Plekha1,hyper
PLEKHA4,Plekha4,hyper
PLEKHA5,Plekha5,hyper
PLEKHA6,Plekha6,hyper
PLEKHA7,Plekha7,hyper
PLEKHB1,Plekhb1,hyper
PLEKHB2,Plekhb2,hyper
PLEKHF1,Plekhf1,hyper
PLEKHG1,Plekhg1,hyper
PLEKHG3,Plekhg3,hyper
PLEKHG4,Plekhg4,hyper
PLEKHH1,Plekhh1,hyper
PLEKHJ1,Plekhj1,hyper
PLK2,Plk2,hyper
PLK3,Plk3,hyper
PLLP,Pllp,hyper
PLOD1,Plod1,hyper
PLOD3,Plod3,hyper
PLP1,Plp1,hyper
PLS3,Pls3,hyper
PLXDC1,Plxdc1,hyper
PLXDC2,Plxdc2,hyper
PLXNA4,Plxna4,hyper
PLXNB1,Plxnb1,hyper
PLXNB3,Plxnb3,hyper
PMAIP1,Pmaip1,hyper
PMEPA1,Pmepa1,hyper
PML,Pml,hyper
PMP2,Pmp2,hyper
PMP22,Pmp22,hyper
PMPCA,Pmpca,hyper
PNLDC1,Pnldc1,hyper
PNMA2,Pnma2,hyper
PNMAL2,Pnmal2,hyper
PNO1,Pno1,hyper
PNPLA1,Pnpla1,hyper
PNPLA3,Pnpla3,hyper
PNPLA5,Pnpla5,hyper
PNPLA6,Pnpla6,hyper
PNPLA7,Pnpla7,hyper
PNPLA8,Pnpla8,hyper
PNPO,Pnpo,hyper
PNPT1,Pnpt1,hyper
PODXL,Podxl,hyper
POGK,Pogk,hyper
POLD4,Pold4,hyper
POLI,Poli,hyper
POLM,Polm,hyper
POLR1A,Polr1a,hyper
POLR2A,Polr2a,hyper
POLR2C,Polr2c,hyper
POLR2J2,Polr2j2,hyper
POLR3D,Polr3d,hyper
POLRMT,Polrmt,hyper
POMGNT1,Pomgnt1,hyper
POMP,Pomp,hyper
POPDC3,Popdc3,hyper
POU2AF1,Pou2af1,hyper
POU3F1,Pou3f1,hyper
POU3F2,Pou3f2,hyper
POU3F4,Pou3f4,hyper
POU6F2,Pou6f2,hyper
PPAP2A,Ppap2a,hyper
PPAP2C,Ppap2c,hyper
PPARA,Ppara,hyper
PPARD,Ppard,hyper
PPARGC1A,Ppargc1a,hyper
PPBP,Ppbp,hyper
PPCDC,Ppcdc,hyper
PPFIA1,Ppfia1,hyper
PPFIA2,Ppfia2,hyper
PPFIBP1,Ppfibp1,hyper
PPFIBP2,Ppfibp2,hyper
PPIAL4G,Ppial4g,hyper
PPIC,Ppic,hyper
PPIF,Ppif,hyper
PPM1B,Ppm1b,hyper
PPM1E,Ppm1e,hyper
PPME1,Ppme1,hyper
PPP1R11,Ppp1r11,hyper
PPP1R12B,Ppp1r12b,hyper
PPP1R14A,Ppp1r14a,hyper
PPP1R14B,Ppp1r14b,hyper
PPP1R16B,Ppp1r16b,hyper
PPP1R1A,Ppp1r1a,hyper
PPP1R1B,Ppp1r1b,hyper
PPP1R3B,Ppp1r3b,hyper
PPP1R3C,Ppp1r3c,hyper
PPP1R3G,Ppp1r3g,hyper
PPP1R7,Ppp1r7,hyper
PPP1R9A,Ppp1r9a,hyper
PPP2CA,Ppp2ca,hyper
PPP2CB,Ppp2cb,hyper
PPP2R2B,Ppp2r2b,hyper
PPP2R2C,Ppp2r2c,hyper
PPP2R3A,Ppp2r3a,hyper
PPP2R5A,Ppp2r5a,hyper
PPP2R5C,Ppp2r5c,hyper
PPP6C,Ppp6c,hyper
PPT1,Ppt1,hyper
PPTC7,Pptc7,hyper
PQLC1,Pqlc1,hyper
PRAM1,Pram1,hyper
PRCP,Prcp,hyper
PRDM16,Prdm16,hyper
PRDM5,Prdm5,hyper
PRDM6,Prdm6,hyper
PRDX1,Prdx1,hyper
PRDX6,Prdx6,hyper
PRELID2,Prelid2,hyper
PREPL,Prepl,hyper
PREX1,Prex1,hyper
PRF1,Prf1,hyper
PRICKLE1,Prickle1,hyper
PRICKLE4,Prickle4,hyper
PRKACB,Prkacb,hyper
PRKAG2,Prkag2,hyper
PRKAR1A,Prkar1a,hyper
PRKAR2B,Prkar2b,hyper
PRKCA,Prkca,hyper
PRKCH,Prkch,hyper
PRKCQ,Prkcq,hyper
PRKCSH,Prkcsh,hyper
PRKD1,Prkd1,hyper
PRKD2,Prkd2,hyper
PRKG2,Prkg2,hyper
PRLHR,Prlhr,hyper
PRLR,Prlr,hyper
PRMT2,Prmt2,hyper
PRMT3,Prmt3,hyper
PRMT6,Prmt6,hyper
PRMT8,Prmt8,hyper
PROM1,Prom1,hyper
PROS1,Pros1,hyper
PRPS2,Prps2,hyper
PRPSAP1,Prpsap1,hyper
PRR13,Prr13,hyper
PRR18,Prr18,hyper
PRR22,Prr22,hyper
PRR4,Prr4,hyper
PRR5L,Prr5l,hyper
PRRG1,Prrg1,hyper
PRRG3,Prrg3,hyper
PRRT3,Prrt3,hyper
PRRX1,Prrx1,hyper
PRRX2,Prrx2,hyper
PRSS23,Prss23,hyper
PRSS56,Prss56,hyper
PRSS8,Prss8,hyper
PRTFDC1,Prtfdc1,hyper
PRX,Prx,hyper
PSAT1,Psat1,hyper
PSEN1,Psen1,hyper
PSENEN,Psenen,hyper
PSMB1,Psmb1,hyper
PSMB10,Psmb10,hyper
PSMB8,Psmb8,hyper
PSMB9,Psmb9,hyper
PSMD10,Psmd10,hyper
PSMD12,Psmd12,hyper
PSMD3,Psmd3,hyper
PSMD4,Psmd4,hyper
PSMD8,Psmd8,hyper
PSME4,Psme4,hyper
PSPH,Psph,hyper
PSRC1,Psrc1,hyper
PSTPIP1,Pstpip1,hyper
PTCD3,Ptcd3,hyper
PTDSS1,Ptdss1,hyper
PTGDR,Ptgdr,hyper
PTGDS,Ptgds,hyper
PTGFRN,Ptgfrn,hyper
PTGIR,Ptgir,hyper
PTGIS,Ptgis,hyper
PTH1R,Pth1r,hyper
PTMA,Ptma,hyper
PTP4A1,Ptp4a1,hyper
PTP4A2,Ptp4a2,hyper
PTP4A3,Ptp4a3,hyper
PTPDC1,Ptpdc1,hyper
PTPLAD1,Ptplad1,hyper
PTPLB,Ptplb,hyper
PTPMT1,Ptpmt1,hyper
PTPN11,Ptpn11,hyper
PTPN13,Ptpn13,hyper
PTPN14,Ptpn14,hyper
PTPN22,Ptpn22,hyper
PTPN5,Ptpn5,hyper
PTPN7,Ptpn7,hyper
PTPRE,Ptpre,hyper
PTPRF,Ptprf,hyper
PTPRH,Ptprh,hyper
PTPRJ,Ptprj,hyper
PTPRK,Ptprk,hyper
PTPRM,Ptprm,hyper
PTPRN2,Ptprn2,hyper
PTPRS,Ptprs,hyper
PTPRT,Ptprt,hyper
PTRF,Ptrf,hyper
PTRH2,Ptrh2,hyper
PUS1,Pus1,hyper
PWWP2B,Pwwp2b,hyper
PXDN,Pxdn,hyper
PXDNL,Pxdnl,hyper
PXK,Pxk,hyper
PXMP4,Pxmp4,hyper
PYCR2,Pycr2,hyper
PYCRL,Pycrl,hyper
PYROXD1,Pyroxd1,hyper
PYROXD2,Pyroxd2,hyper
PZP,Pzp,hyper
QARS,Qars,hyper
QDPR,Qdpr,hyper
QKI,Qki,hyper
QPCT,Qpct,hyper
QPRT,Qprt,hyper
QTRTD1,Qtrtd1,hyper
R3HDM2,R3hdm2,hyper
RAB10,Rab10,hyper
RAB11B,Rab11b,hyper
RAB11FIP2,Rab11fip2,hyper
RAB11FIP4,Rab11fip4,hyper
RAB11FIP5,Rab11fip5,hyper
RAB14,Rab14,hyper
RAB18,Rab18,hyper
RAB1B,Rab1b,hyper
RAB21,Rab21,hyper
RAB2A,Rab2a,hyper
RAB2B,Rab2b,hyper
RAB31,Rab31,hyper
RAB3C,Rab3c,hyper
RAB3GAP2,Rab3gap2,hyper
RAB3IL1,Rab3il1,hyper
RAB40B,Rab40b,hyper
RAB42,Rab42,hyper
RAB4A,Rab4a,hyper
RAB5C,Rab5c,hyper
RAB6A,Rab6a,hyper
RAB6C,Rab6c,hyper
RAB7A,Rab7a,hyper
RAB7L1,Rab7l1,hyper
RAB9A,Rab9a,hyper
RABAC1,Rabac1,hyper
RABEP2,Rabep2,hyper
RABEPK,Rabepk,hyper
RABGAP1,Rabgap1,hyper
RABGGTA,Rabggta,hyper
RABIF,Rabif,hyper
RAD54B,Rad54b,hyper
RAG1,Rag1,hyper
RAI14,Rai14,hyper
RALA,Rala,hyper
RALB,Ralb,hyper
RAMP2,Ramp2,hyper
RAMP3,Ramp3,hyper
RANBP17,Ranbp17,hyper
RANBP3,Ranbp3,hyper
RANBP3L,Ranbp3l,hyper
RANGAP1,Rangap1,hyper
RANGRF,Rangrf,hyper
RAP1A,Rap1a,hyper
RAPGEF3,Rapgef3,hyper
RAPGEF5,Rapgef5,hyper
RARRES2,Rarres2,hyper
RARRES3,Rarres3,hyper
RASA3,Rasa3,hyper
RASAL2,Rasal2,hyper
RASD2,Rasd2,hyper
RASGEF1B,Rasgef1b,hyper
RASGRP2,Rasgrp2,hyper
RASGRP3,Rasgrp3,hyper
RASL10A,Rasl10a,hyper
RASL10B,Rasl10b,hyper
RASL11A,Rasl11a,hyper
RASL12,Rasl12,hyper
RASSF2,Rassf2,hyper
RASSF3,Rassf3,hyper
RASSF5,Rassf5,hyper
RAVER1,Raver1,hyper
RBBP4,Rbbp4,hyper
RBBP9,Rbbp9,hyper
RBM18,Rbm18,hyper
RBM20,Rbm20,hyper
RBM34,Rbm34,hyper
RBM43,Rbm43,hyper
RBMS1,Rbms1,hyper
RBMS2,Rbms2,hyper
RBMS3,Rbms3,hyper
RBP1,Rbp1,hyper
RBP4,Rbp4,hyper
RBP7,Rbp7,hyper
RBPMS,Rbpms,hyper
RCAN1,Rcan1,hyper
RCAN2,Rcan2,hyper
RCBTB1,Rcbtb1,hyper
RCC1,Rcc1,hyper
RCC2,Rcc2,hyper
RCL1,Rcl1,hyper
RCOR2,Rcor2,hyper
RDH10,Rdh10,hyper
RDH11,Rdh11,hyper
RDH12,Rdh12,hyper
RDX,Rdx,hyper
RECQL,Recql,hyper
REEP3,Reep3,hyper
REEP5,Reep5,hyper
RELB,Relb,hyper
RELL2,Rell2,hyper
RELT,Relt,hyper
RENBP,Renbp,hyper
REP15,Rep15,hyper
REPIN1,Repin1,hyper
REPS2,Reps2,hyper
RERG,Rerg,hyper
RERGL,Rergl,hyper
REST,Rest,hyper
REXO1,Rexo1,hyper
REXO2,Rexo2,hyper
RFC1,Rfc1,hyper
RFFL,Rffl,hyper
RFNG,Rfng,hyper
RFPL1,Rfpl1,hyper
RFPL3S,Rfpl3s,hyper
RFTN2,Rftn2,hyper
RFX1,Rfx1,hyper
RFXANK,Rfxank,hyper
RGL1,Rgl1,hyper
RGL3,Rgl3,hyper
RGMA,Rgma,hyper
RGPD1,Rgpd1,hyper
RGPD8,Rgpd8,hyper
RGS1,Rgs1,hyper
RGS12,Rgs12,hyper
RGS14,Rgs14,hyper
RGS16,Rgs16,hyper
RGS2,Rgs2,hyper
RGS3,Rgs3,hyper
RGS4,Rgs4,hyper
RGS7BP,Rgs7bp,hyper
RGS9,Rgs9,hyper
RHBDD1,Rhbdd1,hyper
RHBDD2,Rhbdd2,hyper
RHBDD3,Rhbdd3,hyper
RHBDL1,Rhbdl1,hyper
RHBDL2,Rhbdl2,hyper
RHBDL3,Rhbdl3,hyper
RHOA,Rhoa,hyper
RHOB,Rhob,hyper
RHOBTB1,Rhobtb1,hyper
RHOBTB2,Rhobtb2,hyper
RHOBTB3,Rhobtb3,hyper
RHOC,Rhoc,hyper
RHOQ,Rhoq,hyper
RHOU,Rhou,hyper
RHPN1,Rhpn1,hyper
RIBC2,Ribc2,hyper
RICTOR,Rictor,hyper
RILP,Rilp,hyper
RILPL1,Rilpl1,hyper
RIMKLA,Rimkla,hyper
RIMS3,Rims3,hyper
RIN1,Rin1,hyper
RIN2,Rin2,hyper
RIOK2,Riok2,hyper
RIPK2,Ripk2,hyper
RIT1,Rit1,hyper
RLN1,Rln1,hyper
RNASE1,Rnase1,hyper
RNASET2,Rnaset2,hyper
RNF113A,Rnf113a,hyper
RNF114,Rnf114,hyper
RNF125,Rnf125,hyper
RNF128,Rnf128,hyper
RNF13,Rnf13,hyper
RNF130,Rnf130,hyper
RNF141,Rnf141,hyper
RNF144B,Rnf144b,hyper
RNF157,Rnf157,hyper
RNF167,Rnf167,hyper
RNF20,Rnf20,hyper
RNF208,Rnf208,hyper
RNF213,Rnf213,hyper
RNF220,Rnf220,hyper
RNFT2,Rnft2,hyper
RNH1,Rnh1,hyper
RNLS,Rnls,hyper
RNMT,Rnmt,hyper
ROBO1,Robo1,hyper
ROBO2,Robo2,hyper
ROBO4,Robo4,hyper
ROCK1,Rock1,hyper
ROPN1B,Ropn1b,hyper
ROPN1L,Ropn1l,hyper
RORB,Rorb,hyper
RP9,Rp9,hyper
RPA1,Rpa1,hyper
RPAP1,Rpap1,hyper
RPE65,Rpe65,hyper
RPGRIP1L,Rpgrip1l,hyper
RPL36,Rpl36,hyper
RPP25,Rpp25,hyper
RPP40,Rpp40,hyper
RPS27L,Rps27l,hyper
RPS6KA2,Rps6ka2,hyper
RPS6KC1,Rps6kc1,hyper
RPUSD2,Rpusd2,hyper
RRAGC,Rragc,hyper
RRAS,Rras,hyper
RRBP1,Rrbp1,hyper
RRM2B,Rrm2b,hyper
RRP1,Rrp1,hyper
RRP12,Rrp12,hyper
RRP7A,Rrp7a,hyper
RRP8,Rrp8,hyper
RRS1,Rrs1,hyper
RSAD2,Rsad2,hyper
RSPH3,Rsph3,hyper
RSPO4,Rspo4,hyper
RSU1,Rsu1,hyper
RTDR1,Rtdr1,hyper
RTKN,Rtkn,hyper
RTKN2,Rtkn2,hyper
RTN3,Rtn3,hyper
RTN4RL2,Rtn4rl2,hyper
RTP4,Rtp4,hyper
RTTN,Rttn,hyper
RUFY3,Rufy3,hyper
RUNDC1,Rundc1,hyper
RUNX1,Runx1,hyper
RUNX2,Runx2,hyper
RUNX3,Runx3,hyper
RWDD1,Rwdd1,hyper
RWDD2B,Rwdd2b,hyper
RXFP2,Rxfp2,hyper
RXRA,Rxra,hyper
RXRG,Rxrg,hyper
RYBP,Rybp,hyper
RYR3,Ryr3,hyper
S100A1,S100a1,hyper
S100A10,S100a10,hyper
S100A12,S100a12,hyper
S100A14,S100a14,hyper
S100B,S100b,hyper
S1PR5,S1pr5,hyper
SAA2,Saa2,hyper
SACM1L,Sacm1l,hyper
SACS,Sacs,hyper
SALL1,Sall1,hyper
SAMD11,Samd11,hyper
SAMD15,Samd15,hyper
SAMD4B,Samd4b,hyper
SAMD5,Samd5,hyper
SAP30L,Sap30l,hyper
SAR1B,Sar1b,hyper
SASH1,Sash1,hyper
SAT1,Sat1,hyper
SAV1,Sav1,hyper
SBDS,Sbds,hyper
SBSN,Sbsn,hyper
SCAF1,Scaf1,hyper
SCAMP4,Scamp4,hyper
SCARA3,Scara3,hyper
SCARB1,Scarb1,hyper
SCARB2,Scarb2,hyper
SCARF2,Scarf2,hyper
SCD,Scd,hyper
SCD5,Scd5,hyper
SCFD2,Scfd2,hyper
SCG2,Scg2,hyper
SCIMP,Scimp,hyper
SCIN,Scin,hyper
SCN1A,Scn1a,hyper
SCN2B,Scn2b,hyper
SCN4A,Scn4a,hyper
SCN4B,Scn4b,hyper
SCN7A,Scn7a,hyper
SCNM1,Scnm1,hyper
SCO2,Sco2,hyper
SCOC,Scoc,hyper
SCP2,Scp2,hyper
SCRG1,Scrg1,hyper
SCRT2,Scrt2,hyper
SDC3,Sdc3,hyper
SDCBP,Sdcbp,hyper
SDCBP2,Sdcbp2,hyper
SDF2L1,Sdf2l1,hyper
SDHC,Sdhc,hyper
SDHD,Sdhd,hyper
SDK2,Sdk2,hyper
SDPR,Sdpr,hyper
SDS,Sds,hyper
SDSL,Sdsl,hyper
SEC14L2,Sec14l2,hyper
SEC14L5,Sec14l5,hyper
SEC16B,Sec16b,hyper
SEC22C,Sec22c,hyper
SEC31A,Sec31a,hyper
SEC61A2,Sec61a2,hyper
SEC63,Sec63,hyper
SECISBP2L,Secisbp2l,hyper
SECTM1,Sectm1,hyper
SEL1L,Sel1l,hyper
SELENBP1,Selenbp1,hyper
SEMA3C,Sema3c,hyper
SEMA3E,Sema3e,hyper
SEMA3F,Sema3f,hyper
SEMA4D,Sema4d,hyper
SEMA4G,Sema4g,hyper
SEMA5A,Sema5a,hyper
SEMA6A,Sema6a,hyper
SEMA6D,Sema6d,hyper
SENP5,Senp5,hyper
SEPP1,Sepp1,hyper
SERF2,Serf2,hyper
SERHL2,Serhl2,hyper
SERINC4,Serinc4,hyper
SERINC5,Serinc5,hyper
SERPINA1,Serpina1,hyper
SERPINA5,Serpina5,hyper
SERPINB1,Serpinb1,hyper
SERPINB6,Serpinb6,hyper
SERPINB8,Serpinb8,hyper
SERPIND1,Serpind1,hyper
SERPINE1,Serpine1,hyper
SERPINE2,Serpine2,hyper
SERPINH1,Serpinh1,hyper
SERPINI1,Serpini1,hyper
SERTAD4,Sertad4,hyper
SESN3,Sesn3,hyper
SESTD1,Sestd1,hyper
SETD3,Setd3,hyper
SETD7,Setd7,hyper
SETMAR,Setmar,hyper
SETX,Setx,hyper
SF3A2,Sf3a2,hyper
SFN,Sfn,hyper
SFRP4,Sfrp4,hyper
SFT2D1,Sft2d1,hyper
SFT2D2,Sft2d2,hyper
SFTPC,Sftpc,hyper
SFXN1,Sfxn1,hyper
SFXN4,Sfxn4,hyper
SGCB,Sgcb,hyper
SGCD,Sgcd,hyper
SGCE,Sgce,hyper
SGIP1,Sgip1,hyper
SGK1,Sgk1,hyper
SGK2,Sgk2,hyper
SGK3,Sgk3,hyper
SGMS1,Sgms1,hyper
SGPL1,Sgpl1,hyper
SGTB,Sgtb,hyper
SH2D2A,Sh2d2a,hyper
SH2D5,Sh2d5,hyper
SH2D6,Sh2d6,hyper
SH3BGR,Sh3bgr,hyper
SH3BGRL,Sh3bgrl,hyper
SH3BGRL2,Sh3bgrl2,hyper
SH3BGRL3,Sh3bgrl3,hyper
SH3BP2,Sh3bp2,hyper
SH3BP4,Sh3bp4,hyper
SH3D19,Sh3d19,hyper
SH3GLB1,Sh3glb1,hyper
SH3KBP1,Sh3kbp1,hyper
SH3PXD2A,Sh3pxd2a,hyper
SH3RF1,Sh3rf1,hyper
SH3RF2,Sh3rf2,hyper
SH3RF3,Sh3rf3,hyper
SH3TC2,Sh3tc2,hyper
SH3YL1,Sh3yl1,hyper
SHB,Shb,hyper
SHC2,Shc2,hyper
SHC3,Shc3,hyper
SHC4,Shc4,hyper
SHD,Shd,hyper
SHE,She,hyper
SHFM1,Shfm1,hyper
SHH,Shh,hyper
SHISA3,Shisa3,hyper
SHISA4,Shisa4,hyper
SHKBP1,Shkbp1,hyper
SHQ1,Shq1,hyper
SHROOM4,Shroom4,hyper
SIAE,Siae,hyper
SIGIRR,Sigirr,hyper
SIGLEC10,Siglec10,hyper
SIK1,Sik1,hyper
SIL1,Sil1,hyper
SIM2,Sim2,hyper
SIPA1,Sipa1,hyper
SIPA1L2,Sipa1l2,hyper
SIRT2,Sirt2,hyper
SIRT3,Sirt3,hyper
SIX1,Six1,hyper
SIX5,Six5,hyper
SKAP1,Skap1,hyper
SKIL,Skil,hyper
SLAIN1,Slain1,hyper
SLC10A3,Slc10a3,hyper
SLC10A4,Slc10a4,hyper
SLC11A1,Slc11a1,hyper
SLC11A2,Slc11a2,hyper
SLC12A2,Slc12a2,hyper
SLC12A3,Slc12a3,hyper
SLC12A4,Slc12a4,hyper
SLC12A6,Slc12a6,hyper
SLC12A7,Slc12a7,hyper
SLC12A8,Slc12a8,hyper
SLC13A3,Slc13a3,hyper
SLC14A1,Slc14a1,hyper
SLC14A2,Slc14a2,hyper
SLC15A2,Slc15a2,hyper
SLC16A1,Slc16a1,hyper
SLC16A3,Slc16a3,hyper
SLC16A6,Slc16a6,hyper
SLC17A6,Slc17a6,hyper
SLC17A8,Slc17a8,hyper
SLC19A3,Slc19a3,hyper
SLC1A2,Slc1a2,hyper
SLC1A4,Slc1a4,hyper
SLC1A7,Slc1a7,hyper
SLC20A2,Slc20a2,hyper
SLC22A1,Slc22a1,hyper
SLC22A15,Slc22a15,hyper
SLC22A18,Slc22a18,hyper
SLC22A18AS,Slc22a18as,hyper
SLC22A23,Slc22a23,hyper
SLC22A3,Slc22a3,hyper
SLC23A2,Slc23a2,hyper
SLC23A3,Slc23a3,hyper
SLC24A1,Slc24a1,hyper
SLC24A2,Slc24a2,hyper
SLC25A13,Slc25a13,hyper
SLC25A15,Slc25a15,hyper
SLC25A18,Slc25a18,hyper
SLC25A19,Slc25a19,hyper
SLC25A20,Slc25a20,hyper
SLC25A23,Slc25a23,hyper
SLC25A25,Slc25a25,hyper
SLC25A28,Slc25a28,hyper
SLC25A29,Slc25a29,hyper
SLC25A3,Slc25a3,hyper
SLC25A33,Slc25a33,hyper
SLC25A35,Slc25a35,hyper
SLC25A37,Slc25a37,hyper
SLC25A40,Slc25a40,hyper
SLC25A5,Slc25a5,hyper
SLC26A1,Slc26a1,hyper
SLC26A11,Slc26a11,hyper
SLC26A9,Slc26a9,hyper
SLC27A1,Slc27a1,hyper
SLC27A4,Slc27a4,hyper
SLC27A5,Slc27a5,hyper
SLC27A6,Slc27a6,hyper
SLC2A1,Slc2a1,hyper
SLC2A13,Slc2a13,hyper
SLC2A4,Slc2a4,hyper
SLC2A9,Slc2a9,hyper
SLC30A1,Slc30a1,hyper
SLC30A10,Slc30a10,hyper
SLC30A4,Slc30a4,hyper
SLC30A7,Slc30a7,hyper
SLC30A9,Slc30a9,hyper
SLC31A1,Slc31a1,hyper
SLC31A2,Slc31a2,hyper
SLC32A1,Slc32a1,hyper
SLC34A3,Slc34a3,hyper
SLC35A4,Slc35a4,hyper
SLC35A5,Slc35a5,hyper
SLC35B2,Slc35b2,hyper
SLC35C1,Slc35c1,hyper
SLC35D2,Slc35d2,hyper
SLC35D3,Slc35d3,hyper
SLC35E1,Slc35e1,hyper
SLC35E3,Slc35e3,hyper
SLC35F1,Slc35f1,hyper
SLC38A1,Slc38a1,hyper
SLC38A10,Slc38a10,hyper
SLC38A11,Slc38a11,hyper
SLC38A2,Slc38a2,hyper
SLC38A5,Slc38a5,hyper
SLC38A6,Slc38a6,hyper
SLC39A11,Slc39a11,hyper
SLC39A12,Slc39a12,hyper
SLC39A3,Slc39a3,hyper
SLC39A6,Slc39a6,hyper
SLC39A7,Slc39a7,hyper
SLC39A8,Slc39a8,hyper
SLC39A9,Slc39a9,hyper
SLC3A1,Slc3a1,hyper
SLC3A2,Slc3a2,hyper
SLC40A1,Slc40a1,hyper
SLC43A2,Slc43a2,hyper
SLC43A3,Slc43a3,hyper
SLC44A1,Slc44a1,hyper
SLC45A3,Slc45a3,hyper
SLC47A1,Slc47a1,hyper
SLC47A2,Slc47a2,hyper
SLC48A1,Slc48a1,hyper
SLC4A2,Slc4a2,hyper
SLC4A3,Slc4a3,hyper
SLC4A8,Slc4a8,hyper
SLC5A11,Slc5a11,hyper
SLC5A6,Slc5a6,hyper
SLC5A7,Slc5a7,hyper
SLC5A8,Slc5a8,hyper
SLC6A1,Slc6a1,hyper
SLC6A11,Slc6a11,hyper
SLC6A12,Slc6a12,hyper
SLC6A13,Slc6a13,hyper
SLC6A6,Slc6a6,hyper
SLC6A8,Slc6a8,hyper
SLC6A9,Slc6a9,hyper
SLC7A10,Slc7a10,hyper
SLC7A5,Slc7a5,hyper
SLC7A7,Slc7a7,hyper
SLC7A8,Slc7a8,hyper
SLC8A1,Slc8a1,hyper
SLC8A3,Slc8a3,hyper
SLC9A1,Slc9a1,hyper
SLC9A3R1,Slc9a3r1,hyper
SLC9A3R2,Slc9a3r2,hyper
SLC9A6,Slc9a6,hyper
SLC9A7,Slc9a7,hyper
SLC9A9,Slc9a9,hyper
SLCO1A2,Slco1a2,hyper
SLCO2B1,Slco2b1,hyper
SLCO3A1,Slco3a1,hyper
SLFN11,Slfn11,hyper
SLFN12,Slfn12,hyper
SLFN5,Slfn5,hyper
SLIT2,Slit2,hyper
SLITRK2,Slitrk2,hyper
SLMO2,Slmo2,hyper
SMAD3,Smad3,hyper
SMAD6,Smad6,hyper
SMAP1,Smap1,hyper
SMARCA2,Smarca2,hyper
SMARCA5,Smarca5,hyper
SMARCAL1,Smarcal1,hyper
SMARCC2,Smarcc2,hyper
SMC2,Smc2,hyper
SMOC1,Smoc1,hyper
SMOC2,Smoc2,hyper
SMOX,Smox,hyper
SMURF1,Smurf1,hyper
SNAP47,Snap47,hyper
SNAPC1,Snapc1,hyper
SNF8,Snf8,hyper
SNPH,Snph,hyper
SNTA1,Snta1,hyper
SNTB1,Sntb1,hyper
SNX1,Snx1,hyper
SNX10,Snx10,hyper
SNX11,Snx11,hyper
SNX19,Snx19,hyper
SNX20,Snx20,hyper
SNX21,Snx21,hyper
SNX22,Snx22,hyper
SNX24,Snx24,hyper
SNX27,Snx27,hyper
SNX29,Snx29,hyper
SNX32,Snx32,hyper
SNX5,Snx5,hyper
SNX6,Snx6,hyper
SNX9,Snx9,hyper
SOCS6,Socs6,hyper
SOD1,Sod1,hyper
SOD2,Sod2,hyper
SOD3,Sod3,hyper
SORBS1,Sorbs1,hyper
SORCS1,Sorcs1,hyper
SORCS2,Sorcs2,hyper
SORCS3,Sorcs3,hyper
SORT1,Sort1,hyper
SOS2,Sos2,hyper
SOST,Sost,hyper
SOX1,Sox1,hyper
SOX10,Sox10,hyper
SOX11,Sox11,hyper
SOX13,Sox13,hyper
SOX17,Sox17,hyper
SOX18,Sox18,hyper
SOX2,Sox2,hyper
SOX21,Sox21,hyper
SOX5,Sox5,hyper
SOX6,Sox6,hyper
SOX7,Sox7,hyper
SOX8,Sox8,hyper
SP110,Sp110,hyper
SP140L,Sp140l,hyper
SP6,Sp6,hyper
SP7,Sp7,hyper
SPA17,Spa17,hyper
SPAG16,Spag16,hyper
SPAG17,Spag17,hyper
SPAG4,Spag4,hyper
SPAG8,Spag8,hyper
SPARC,Sparc,hyper
SPATA13,Spata13,hyper
SPATA18,Spata18,hyper
SPATA22,Spata22,hyper
SPATA6,Spata6,hyper
SPCS1,Spcs1,hyper
SPCS2,Spcs2,hyper
SPEF1,Spef1,hyper
SPG20,Spg20,hyper
SPG21,Spg21,hyper
SPHK1,Sphk1,hyper
SPHK2,Sphk2,hyper
SPIN1,Spin1,hyper
SPIN4,Spin4,hyper
SPN,Spn,hyper
SPOCK3,Spock3,hyper
SPON1,Spon1,hyper
SPOPL,Spopl,hyper
SPP1,Spp1,hyper
SPR,Spr,hyper
SPRED1,Spred1,hyper
SPSB1,Spsb1,hyper
SPSB4,Spsb4,hyper
SPTBN1,Sptbn1,hyper
SPTLC2,Sptlc2,hyper
SQLE,Sqle,hyper
SQRDL,Sqrdl,hyper
SRBD1,Srbd1,hyper
SRCRB4D,Srcrb4d,hyper
SRD5A1,Srd5a1,hyper
SREBF1,Srebf1,hyper
SRGAP1,Srgap1,hyper
SRGN,Srgn,hyper
SRI,Sri,hyper
SRL,Srl,hyper
SRP72,Srp72,hyper
SRPK2,Srpk2,hyper
SRPR,Srpr,hyper
SSB,Ssb,hyper
SSR1,Ssr1,hyper
SSR2,Ssr2,hyper
SSR3,Ssr3,hyper
SST,Sst,hyper
SSU72,Ssu72,hyper
ST13,St13,hyper
ST14,St14,hyper
ST3GAL4,St3gal4,hyper
ST3GAL5,St3gal5,hyper
ST6GALNAC1,St6galnac1,hyper
ST6GALNAC2,St6galnac2,hyper
ST6GALNAC3,St6galnac3,hyper
ST8SIA2,St8sia2,hyper
ST8SIA4,St8sia4,hyper
ST8SIA6,St8sia6,hyper
STAM2,Stam2,hyper
STAMBP,Stambp,hyper
STAR,Star,hyper
STARD13,Stard13,hyper
STARD3NL,Stard3nl,hyper
STARD4,Stard4,hyper
STARD8,Stard8,hyper
STARD9,Stard9,hyper
STAT4,Stat4,hyper
STC1,Stc1,hyper
STC2,Stc2,hyper
STK24,Stk24,hyper
STK3,Stk3,hyper
STK32B,Stk32b,hyper
STK32C,Stk32c,hyper
STK36,Stk36,hyper
STK39,Stk39,hyper
STOM,Stom,hyper
STOML1,Stoml1,hyper
STON2,Ston2,hyper
STOX1,Stox1,hyper
STRN,Strn,hyper
STS,Sts,hyper
STX16,Stx16,hyper
STX17,Stx17,hyper
STX2,Stx2,hyper
STX6,Stx6,hyper
STX7,Stx7,hyper
STX8,Stx8,hyper
STXBP3,Stxbp3,hyper
STXBP6,Stxbp6,hyper
STYK1,Styk1,hyper
STYXL1,Styxl1,hyper
SUCLG2,Suclg2,hyper
SUDS3,Suds3,hyper
SUGT1,Sugt1,hyper
SULF1,Sulf1,hyper
SULT1C4,Sult1c4,hyper
SUPT4H1,Supt4h1,hyper
SUPV3L1,Supv3l1,hyper
SURF1,Surf1,hyper
SURF4,Surf4,hyper
SUSD2,Susd2,hyper
SUSD4,Susd4,hyper
SUSD5,Susd5,hyper
SV2C,Sv2c,hyper
SVIP,Svip,hyper
SWAP70,Swap70,hyper
SYAP1,Syap1,hyper
SYDE1,Syde1,hyper
SYDE2,Syde2,hyper
SYMPK,Sympk,hyper
SYN1,Syn1,hyper
SYNGR2,Syngr2,hyper
SYNJ1,Synj1,hyper
SYNJ2,Synj2,hyper
SYNM,Synm,hyper
SYNPO,Synpo,hyper
SYNPO2,Synpo2,hyper
SYP,Syp,hyper
SYPL1,Sypl1,hyper
SYT11,Syt11,hyper
SYT15,Syt15,hyper
SYT16,Syt16,hyper
SYT2,Syt2,hyper
SYT3,Syt3,hyper
SYT5,Syt5,hyper
SYT6,Syt6,hyper
SYVN1,Syvn1,hyper
TAC1,Tac1,hyper
TACC1,Tacc1,hyper
TACO1,Taco1,hyper
TACR1,Tacr1,hyper
TAF10,Taf10,hyper
TAF12,Taf12,hyper
TAF13,Taf13,hyper
TAF4B,Taf4b,hyper
TAF8,Taf8,hyper
TAGLN2,Tagln2,hyper
TAL1,Tal1,hyper
TAL2,Tal2,hyper
TALDO1,Taldo1,hyper
TANC1,Tanc1,hyper
TANC2,Tanc2,hyper
TAOK1,Taok1,hyper
TAOK2,Taok2,hyper
TAP1,Tap1,hyper
TAPBPL,Tapbpl,hyper
TARDBP,Tardbp,hyper
TARS2,Tars2,hyper
TARSL2,Tarsl2,hyper
TAS1R1,Tas1r1,hyper
TAS2R7,Tas2r7,hyper
TATDN3,Tatdn3,hyper
TAX1BP1,Tax1bp1,hyper
TAX1BP3,Tax1bp3,hyper
TBC1D10B,Tbc1d10b,hyper
TBC1D10C,Tbc1d10c,hyper
TBC1D12,Tbc1d12,hyper
TBC1D13,Tbc1d13,hyper
TBC1D15,Tbc1d15,hyper
TBC1D19,Tbc1d19,hyper
TBC1D2,Tbc1d2,hyper
TBC1D22A,Tbc1d22a,hyper
TBC1D4,Tbc1d4,hyper
TBC1D8B,Tbc1d8b,hyper
TBK1,Tbk1,hyper
TBKBP1,Tbkbp1,hyper
TBL1X,Tbl1x,hyper
TBL1Y,Tbl1y,hyper
TBRG1,Tbrg1,hyper
TBX1,Tbx1,hyper
TBX19,Tbx19,hyper
TBX2,Tbx2,hyper
TBX3,Tbx3,hyper
TBXAS1,Tbxas1,hyper
TCF12,Tcf12,hyper
TCF15,Tcf15,hyper
TCF7L2,Tcf7l2,hyper
TCFL5,Tcfl5,hyper
TCHH,Tchh,hyper
TCIRG1,Tcirg1,hyper
TCN2,Tcn2,hyper
TCP11L2,Tcp11l2,hyper
TCTE3,Tcte3,hyper
TCTEX1D1,Tctex1d1,hyper
TCTN3,Tctn3,hyper
TDGF1,Tdgf1,hyper
TDRD10,Tdrd10,hyper
TDRD12,Tdrd12,hyper
TDRD3,Tdrd3,hyper
TDRD7,Tdrd7,hyper
TEAD3,Tead3,hyper
TECPR2,Tecpr2,hyper
TECTA,Tecta,hyper
TEKT4,Tekt4,hyper
TENC1,Tenc1,hyper
TES,Tes,hyper
TESC,Tesc,hyper
TESK1,Tesk1,hyper
TESK2,Tesk2,hyper
TET2,Tet2,hyper
TEX15,Tex15,hyper
TEX2,Tex2,hyper
TEX26,Tex26,hyper
TF,Tf,hyper
TFCP2L1,Tfcp2l1,hyper
TFDP2,Tfdp2,hyper
TFE3,Tfe3,hyper
TFEB,Tfeb,hyper
TFG,Tfg,hyper
TFPI2,Tfpi2,hyper
TGFA,Tgfa,hyper
TGFBR2,Tgfbr2,hyper
TGFBR3,Tgfbr3,hyper
TGM2,Tgm2,hyper
TH,Th,hyper
THADA,Thada,hyper
THAP10,Thap10,hyper
THAP3,Thap3,hyper
THAP4,Thap4,hyper
THBD,Thbd,hyper
THBS1,Thbs1,hyper
THBS2,Thbs2,hyper
THBS3,Thbs3,hyper
THBS4,Thbs4,hyper
THNSL2,Thnsl2,hyper
THSD1,Thsd1,hyper
THSD4,Thsd4,hyper
THSD7A,Thsd7a,hyper
THTPA,Thtpa,hyper
THY1,Thy1,hyper
TICAM1,Ticam1,hyper
TIE1,Tie1,hyper
TIMM50,Timm50,hyper
TIMM8A,Timm8a,hyper
TIMMDC1,Timmdc1,hyper
TIMP2,Timp2,hyper
TIMP3,Timp3,hyper
TIPARP,Tiparp,hyper
TJAP1,Tjap1,hyper
TJP1,Tjp1,hyper
TJP3,Tjp3,hyper
TK1,Tk1,hyper
TK2,Tk2,hyper
TKT,Tkt,hyper
TLK1,Tlk1,hyper
TLL2,Tll2,hyper
TLN1,Tln1,hyper
TLN2,Tln2,hyper
TLR5,Tlr5,hyper
TLX2,Tlx2,hyper
TM2D1,Tm2d1,hyper
TM4SF18,Tm4sf18,hyper
TM6SF2,Tm6sf2,hyper
TM7SF2,Tm7sf2,hyper
TM9SF4,Tm9sf4,hyper
TMBIM1,Tmbim1,hyper
TMBIM6,Tmbim6,hyper
TMC6,Tmc6,hyper
TMC7,Tmc7,hyper
TMCC2,Tmcc2,hyper
TMCC3,Tmcc3,hyper
TMCO4,Tmco4,hyper
TMED10,Tmed10,hyper
TMED2,Tmed2,hyper
TMED5,Tmed5,hyper
TMED7,Tmed7,hyper
TMED8,Tmed8,hyper
TMEFF1,Tmeff1,hyper
TMEFF2,Tmeff2,hyper
TMEM100,Tmem100,hyper
TMEM117,Tmem117,hyper
TMEM119,Tmem119,hyper
TMEM123,Tmem123,hyper
TMEM125,Tmem125,hyper
TMEM126B,Tmem126b,hyper
TMEM127,Tmem127,hyper
TMEM129,Tmem129,hyper
TMEM132B,Tmem132b,hyper
TMEM132C,Tmem132c,hyper
TMEM133,Tmem133,hyper
TMEM134,Tmem134,hyper
TMEM135,Tmem135,hyper
TMEM136,Tmem136,hyper
TMEM139,Tmem139,hyper
TMEM140,Tmem140,hyper
TMEM141,Tmem141,hyper
TMEM143,Tmem143,hyper
TMEM144,Tmem144,hyper
TMEM14B,Tmem14b,hyper
TMEM14C,Tmem14c,hyper
TMEM150A,Tmem150a,hyper
TMEM150C,Tmem150c,hyper
TMEM151A,Tmem151a,hyper
TMEM164,Tmem164,hyper
TMEM165,Tmem165,hyper
TMEM167B,Tmem167b,hyper
TMEM171,Tmem171,hyper
TMEM173,Tmem173,hyper
TMEM175,Tmem175,hyper
TMEM179B,Tmem179b,hyper
TMEM181,Tmem181,hyper
TMEM183A,Tmem183a,hyper
TMEM184A,Tmem184a,hyper
TMEM184B,Tmem184b,hyper
TMEM184C,Tmem184c,hyper
TMEM187,Tmem187,hyper
TMEM189,Tmem189,hyper
TMEM194B,Tmem194b,hyper
TMEM196,Tmem196,hyper
TMEM201,Tmem201,hyper
TMEM204,Tmem204,hyper
TMEM206,Tmem206,hyper
TMEM208,Tmem208,hyper
TMEM232,Tmem232,hyper
TMEM26,Tmem26,hyper
TMEM30A,Tmem30a,hyper
TMEM30B,Tmem30b,hyper
TMEM31,Tmem31,hyper
TMEM33,Tmem33,hyper
TMEM37,Tmem37,hyper
TMEM38B,Tmem38b,hyper
TMEM41A,Tmem41a,hyper
TMEM44,Tmem44,hyper
TMEM45A,Tmem45a,hyper
TMEM47,Tmem47,hyper
TMEM50A,Tmem50a,hyper
TMEM50B,Tmem50b,hyper
TMEM52,Tmem52,hyper
TMEM53,Tmem53,hyper
TMEM59,Tmem59,hyper
TMEM63A,Tmem63a,hyper
TMEM63B,Tmem63b,hyper
TMEM64,Tmem64,hyper
TMEM66,Tmem66,hyper
TMEM72,Tmem72,hyper
TMEM79,Tmem79,hyper
TMEM86B,Tmem86b,hyper
TMEM87A,Tmem87a,hyper
TMEM87B,Tmem87b,hyper
TMEM88,Tmem88,hyper
TMEM88B,Tmem88b,hyper
TMEM8A,Tmem8a,hyper
TMEM91,Tmem91,hyper
TMEM98,Tmem98,hyper
TMEM9B,Tmem9b,hyper
TMF1,Tmf1,hyper
TMOD2,Tmod2,hyper
TMSB10,Tmsb10,hyper
TMSB4Y,Tmsb4y,hyper
TMTC1,Tmtc1,hyper
TMTC2,Tmtc2,hyper
TMTC4,Tmtc4,hyper
TMX2,Tmx2,hyper
TMX4,Tmx4,hyper
TNC,Tnc,hyper
TNFAIP2,Tnfaip2,hyper
TNFAIP3,Tnfaip3,hyper
TNFAIP6,Tnfaip6,hyper
TNFAIP8,Tnfaip8,hyper
TNFRSF10B,Tnfrsf10b,hyper
TNFRSF10C,Tnfrsf10c,hyper
TNFRSF12A,Tnfrsf12a,hyper
TNFRSF19,Tnfrsf19,hyper
TNFRSF1B,Tnfrsf1b,hyper
TNFRSF21,Tnfrsf21,hyper
TNFSF10,Tnfsf10,hyper
TNFSF13,Tnfsf13,hyper
TNFSF14,Tnfsf14,hyper
TNIK,Tnik,hyper
TNIP2,Tnip2,hyper
TNK2,Tnk2,hyper
TNKS,Tnks,hyper
TNS1,Tns1,hyper
TNXB,Tnxb,hyper
TOLLIP,Tollip,hyper
TOM1,Tom1,hyper
TOM1L2,Tom1l2,hyper
TOMM34,Tomm34,hyper
TOMM40,Tomm40,hyper
TOMM70A,Tomm70a,hyper
TOP1MT,Top1mt,hyper
TOR1AIP1,Tor1aip1,hyper
TOR3A,Tor3a,hyper
TOX,Tox,hyper
TOX3,Tox3,hyper
TOX4,Tox4,hyper
TP53BP2,Tp53bp2,hyper
TP53I13,Tp53i13,hyper
TP53I3,Tp53i3,hyper
TP53INP2,Tp53inp2,hyper
TP53TG5,Tp53tg5,hyper
TPBG,Tpbg,hyper
TPD52,Tpd52,hyper
TPH1,Tph1,hyper
TPM3,Tpm3,hyper
TPP1,Tpp1,hyper
TPP2,Tpp2,hyper
TPPP,Tppp,hyper
TPPP3,Tppp3,hyper
TPRG1L,Tprg1l,hyper
TPST2,Tpst2,hyper
TRA2A,Tra2a,hyper
TRAF1,Traf1,hyper
TRAF3IP1,Traf3ip1,hyper
TRAF5,Traf5,hyper
TRAF7,Traf7,hyper
TRAK2,Trak2,hyper
TRAM1,Tram1,hyper
TRAM1L1,Tram1l1,hyper
TRAPPC10,Trappc10,hyper
TRAPPC6A,Trappc6a,hyper
TREML1,Treml1,hyper
TRIM14,Trim14,hyper
TRIM16L,Trim16l,hyper
TRIM2,Trim2,hyper
TRIM21,Trim21,hyper
TRIM25,Trim25,hyper
TRIM29,Trim29,hyper
TRIM34,Trim34,hyper
TRIM35,Trim35,hyper
TRIM36,Trim36,hyper
TRIM37,Trim37,hyper
TRIM41,Trim41,hyper
TRIM44,Trim44,hyper
TRIM45,Trim45,hyper
TRIM5,Trim5,hyper
TRIM56,Trim56,hyper
TRIM59,Trim59,hyper
TRIM63,Trim63,hyper
TRIM66,Trim66,hyper
TRIM69,Trim69,hyper
TRIM71,Trim71,hyper
TRIM8,Trim8,hyper
TRIML2,Triml2,hyper
TRIP11,Trip11,hyper
TRIP12,Trip12,hyper
TRIP4,Trip4,hyper
TRMT2B,Trmt2b,hyper
TRMT61A,Trmt61a,hyper
TRNP1,Trnp1,hyper
TRPC3,Trpc3,hyper
TRPM1,Trpm1,hyper
TRPM2,Trpm2,hyper
TRPM6,Trpm6,hyper
TRPS1,Trps1,hyper
TRPT1,Trpt1,hyper
TRPV3,Trpv3,hyper
TRPV5,Trpv5,hyper
TRPV6,Trpv6,hyper
TRUB2,Trub2,hyper
TSC22D1,Tsc22d1,hyper
TSC22D4,Tsc22d4,hyper
TSEN15,Tsen15,hyper
TSGA10,Tsga10,hyper
TSLP,Tslp,hyper
TSPAN11,Tspan11,hyper
TSPAN13,Tspan13,hyper
TSPAN2,Tspan2,hyper
TSPAN3,Tspan3,hyper
TSPAN31,Tspan31,hyper
TSPAN6,Tspan6,hyper
TSPAN8,Tspan8,hyper
TSPO,Tspo,hyper
TSR2,Tsr2,hyper
TST,Tst,hyper
TTBK1,Ttbk1,hyper
TTBK2,Ttbk2,hyper
TTC1,Ttc1,hyper
TTC12,Ttc12,hyper
TTC24,Ttc24,hyper
TTC30A,Ttc30a,hyper
TTC30B,Ttc30b,hyper
TTC39A,Ttc39a,hyper
TTC7A,Ttc7a,hyper
TTF2,Ttf2,hyper
TTL,Ttl,hyper
TTLL11,Ttll11,hyper
TTLL3,Ttll3,hyper
TTLL4,Ttll4,hyper
TTLL7,Ttll7,hyper
TTN,Ttn,hyper
TTYH1,Ttyh1,hyper
TTYH2,Ttyh2,hyper
TULP4,Tulp4,hyper
TUSC2,Tusc2,hyper
TUT1,Tut1,hyper
TWF1,Twf1,hyper
TWISTNB,Twistnb,hyper
TWSG1,Twsg1,hyper
TXNDC17,Txndc17,hyper
TXNDC5,Txndc5,hyper
TXNIP,Txnip,hyper
TYMS,Tyms,hyper
TYSND1,Tysnd1,hyper
TYW3,Tyw3,hyper
UACA,Uaca,hyper
UAP1L1,Uap1l1,hyper
UBA3,Uba3,hyper
UBE2A,Ube2a,hyper
UBE2D1,Ube2d1,hyper
UBE2F,Ube2f,hyper
UBE2H,Ube2h,hyper
UBE2O,Ube2o,hyper
UBE2T,Ube2t,hyper
UBE2V2,Ube2v2,hyper
UBE2W,Ube2w,hyper
UBE4A,Ube4a,hyper
UBE4B,Ube4b,hyper
UBIAD1,Ubiad1,hyper
UBL3,Ubl3,hyper
UBL4A,Ubl4a,hyper
UBL4B,Ubl4b,hyper
UBLCP1,Ublcp1,hyper
UBOX5,Ubox5,hyper
UBQLN4,Ubqln4,hyper
UCP2,Ucp2,hyper
UCP3,Ucp3,hyper
UEVLD,Uevld,hyper
UFSP1,Ufsp1,hyper
UFSP2,Ufsp2,hyper
UGT8,Ugt8,hyper
UHMK1,Uhmk1,hyper
UHRF1BP1L,Uhrf1bp1l,hyper
ULBP1,Ulbp1,hyper
UMODL1,Umodl1,hyper
UNC13D,Unc13d,hyper
UPB1,Upb1,hyper
UPF2,Upf2,hyper
UPK1B,Upk1b,hyper
UPRT,Uprt,hyper
UQCRB,Uqcrb,hyper
UQCRQ,Uqcrq,hyper
URB1,Urb1,hyper
URM1,Urm1,hyper
UROS,Uros,hyper
USH1C,Ush1c,hyper
USH2A,Ush2a,hyper
USHBP1,Ushbp1,hyper
USP14,Usp14,hyper
USP16,Usp16,hyper
USP18,Usp18,hyper
USP25,Usp25,hyper
USP32,Usp32,hyper
USP34,Usp34,hyper
USP35,Usp35,hyper
USP37,Usp37,hyper
USP39,Usp39,hyper
USP41,Usp41,hyper
USP54,Usp54,hyper
USP6NL,Usp6nl,hyper
USP8,Usp8,hyper
USP9X,Usp9x,hyper
UTP14A,Utp14a,hyper
UTP3,Utp3,hyper
UTRN,Utrn,hyper
UXS1,Uxs1,hyper
VAMP1,Vamp1,hyper
VAMP3,Vamp3,hyper
VAMP8,Vamp8,hyper
VANGL1,Vangl1,hyper
VARS,Vars,hyper
VASH2,Vash2,hyper
VASN,Vasn,hyper
VASP,Vasp,hyper
VAT1,Vat1,hyper
VAT1L,Vat1l,hyper
VAV2,Vav2,hyper
VAV3,Vav3,hyper
VAX1,Vax1,hyper
VCPIP1,Vcpip1,hyper
VEGFA,Vegfa,hyper
VEGFB,Vegfb,hyper
VEGFC,Vegfc,hyper
VENTX,Ventx,hyper
VEZF1,Vezf1,hyper
VGF,Vgf,hyper
VILL,Vill,hyper
VIM,Vim,hyper
VPREB3,Vpreb3,hyper
VPS11,Vps11,hyper
VPS13D,Vps13d,hyper
VPS35,Vps35,hyper
VPS39,Vps39,hyper
VRK2,Vrk2,hyper
VSIG1,Vsig1,hyper
VSIG2,Vsig2,hyper
VSTM2A,Vstm2a,hyper
VSTM2B,Vstm2b,hyper
VWA1,Vwa1,hyper
VWA3A,Vwa3a,hyper
VWA3B,Vwa3b,hyper
VWA5A,Vwa5a,hyper
VWC2L,Vwc2l,hyper
VWDE,Vwde,hyper
VWF,Vwf,hyper
WARS2,Wars2,hyper
WASF2,Wasf2,hyper
WASL,Wasl,hyper
WBP4,Wbp4,hyper
WBSCR22,Wbscr22,hyper
WDR26,Wdr26,hyper
WDR31,Wdr31,hyper
WDR35,Wdr35,hyper
WDR41,Wdr41,hyper
WDR43,Wdr43,hyper
WDR45,Wdr45,hyper
WDR47,Wdr47,hyper
WDR5B,Wdr5b,hyper
WDR63,Wdr63,hyper
WDR66,Wdr66,hyper
WDR7,Wdr7,hyper
WDR78,Wdr78,hyper
WDR81,Wdr81,hyper
WDTC1,Wdtc1,hyper
WFDC2,Wfdc2,hyper
WFDC3,Wfdc3,hyper
WIPF1,Wipf1,hyper
WIPF2,Wipf2,hyper
WIPF3,Wipf3,hyper
WISP2,Wisp2,hyper
WNK1,Wnk1,hyper
WNT10A,Wnt10a,hyper
WNT10B,Wnt10b,hyper
WNT2,Wnt2,hyper
WNT2B,Wnt2b,hyper
WNT3,Wnt3,hyper
WNT4,Wnt4,hyper
WNT5B,Wnt5b,hyper
WSB1,Wsb1,hyper
WWC1,Wwc1,hyper
WWP1,Wwp1,hyper
WWTR1,Wwtr1,hyper
XAF1,Xaf1,hyper
XKR9,Xkr9,hyper
XPO6,Xpo6,hyper
XPOT,Xpot,hyper
XPR1,Xpr1,hyper
XRCC4,Xrcc4,hyper
XRCC5,Xrcc5,hyper
YARS,Yars,hyper
YBX2,Ybx2,hyper
YES1,Yes1,hyper
YIF1B,Yif1b,hyper
YTHDF3,Ythdf3,hyper
YWHAB,Ywhab,hyper
YWHAG,Ywhag,hyper
ZAR1,Zar1,hyper
ZBED1,Zbed1,hyper
ZBED3,Zbed3,hyper
ZBTB1,Zbtb1,hyper
ZBTB17,Zbtb17,hyper
ZBTB26,Zbtb26,hyper
ZBTB3,Zbtb3,hyper
ZBTB4,Zbtb4,hyper
ZBTB42,Zbtb42,hyper
ZBTB8OS,Zbtb8os,hyper
ZC3H13,Zc3h13,hyper
ZC3HAV1,Zc3hav1,hyper
ZC3HAV1L,Zc3hav1l,hyper
ZC4H2,Zc4h2,hyper
ZCCHC24,Zcchc24,hyper
ZCRB1,Zcrb1,hyper
ZCWPW2,Zcwpw2,hyper
ZDHHC12,Zdhhc12,hyper
ZDHHC20,Zdhhc20,hyper
ZDHHC22,Zdhhc22,hyper
ZDHHC24,Zdhhc24,hyper
ZDHHC6,Zdhhc6,hyper
ZDHHC8,Zdhhc8,hyper
ZDHHC9,Zdhhc9,hyper
ZEB2,Zeb2,hyper
ZFHX4,Zfhx4,hyper
ZFP36,Zfp36,hyper
ZFP36L1,Zfp36l1,hyper
ZFP36L2,Zfp36l2,hyper
ZFP41,Zfp41,hyper
ZFPL1,Zfpl1,hyper
ZFYVE16,Zfyve16,hyper
ZFYVE19,Zfyve19,hyper
ZHX2,Zhx2,hyper
ZKSCAN1,Zkscan1,hyper
ZMAT3,Zmat3,hyper
ZMAT4,Zmat4,hyper
ZMPSTE24,Zmpste24,hyper
ZMYM3,Zmym3,hyper
ZMYND12,Zmynd12,hyper
ZMYND8,Zmynd8,hyper
ZNF101,Znf101,hyper
ZNF117,Znf117,hyper
ZNF146,Znf146,hyper
ZNF157,Znf157,hyper
ZNF18,Znf18,hyper
ZNF208,Znf208,hyper
ZNF217,Znf217,hyper
ZNF24,Znf24,hyper
ZNF260,Znf260,hyper
ZNF277,Znf277,hyper
ZNF341,Znf341,hyper
ZNF354C,Znf354c,hyper
ZNF365,Znf365,hyper
ZNF366,Znf366,hyper
ZNF367,Znf367,hyper
ZNF385A,Znf385a,hyper
ZNF396,Znf396,hyper
ZNF404,Znf404,hyper
ZNF43,Znf43,hyper
ZNF438,Znf438,hyper
ZNF469,Znf469,hyper
ZNF474,Znf474,hyper
ZNF480,Znf480,hyper
ZNF493,Znf493,hyper
ZNF503,Znf503,hyper
ZNF516,Znf516,hyper
ZNF575,Znf575,hyper
ZNF579,Znf579,hyper
ZNF592,Znf592,hyper
ZNF593,Znf593,hyper
ZNF610,Znf610,hyper
ZNF619,Znf619,hyper
ZNF624,Znf624,hyper
ZNF646,Znf646,hyper
ZNF664,Znf664,hyper
ZNF675,Znf675,hyper
ZNF681,Znf681,hyper
ZNF684,Znf684,hyper
ZNF688,Znf688,hyper
ZNF689,Znf689,hyper
ZNF703,Znf703,hyper
ZNF707,Znf707,hyper
ZNF708,Znf708,hyper
ZNF710,Znf710,hyper
ZNF713,Znf713,hyper
ZNF714,Znf714,hyper
ZNF730,Znf730,hyper
ZNF738,Znf738,hyper
ZNF746,Znf746,hyper
ZNF771,Znf771,hyper
ZNF775,Znf775,hyper
ZNF787,Znf787,hyper
ZNF804B,Znf804b,hyper
ZNF837,Znf837,hyper
ZNF843,Znf843,hyper
ZNF846,Znf846,hyper
ZNF85,Znf85,hyper
ZNF99,Znf99,hyper
ZNHIT1,Znhit1,hyper
ZNHIT2,Znhit2,hyper
ZNHIT6,Znhit6,hyper
ZRANB3,Zranb3,hyper
ZSCAN5A,Zscan5a,hyper
ZSWIM4,Zswim4,hyper
ZSWIM6,Zswim6,hyper
