idx,mouse_symbol,reason
0,A1bg,no_dataset
1,Aars2,no_dataset
2,Aasdh,no_dataset
3,Abca5,no_dataset
4,Abcc10,no_dataset
5,Abcc8,no_dataset
6,Abhd14a,no_dataset
7,Abhd14b,no_dataset
8,Ablim1,no_dataset
10,Acap1,no_dataset
11,Acap3,no_dataset
12,Accs,no_dataset
13,Acd,no_dataset
14,Acsf2,no_dataset
15,Acsm1,no_dataset
16,Actl6b,no_dataset
17,Acvr2a,no_dataset
18,Adam11,no_dataset
20,Adam22,no_dataset
21,Adam9,no_dataset
24,Adamts5,no_dataset
25,Adamtsl1,no_dataset
28,Adck5,no_dataset
31,Adrbk1,no_dataset
33,Adsl,no_dataset
35,Afap1l2,no_dataset
36,Aff2,no_dataset
37,Afp,no_dataset
38,Agap4,no_dataset
39,Agpat6,no_dataset
40,Aim2,no_dataset
41,Akap14,no_dataset
42,Akap7,no_dataset
43,Akap8l,no_dataset
44,Akap9,no_dataset
45,Akt1,no_dataset
46,Alas1,no_dataset
48,Aldh1l2,no_dataset
49,Alg10b,no_dataset
50,Alg6,no_dataset
51,Alkbh3,no_dataset
52,Alkbh4,no_dataset
53,Alkbh7,no_dataset
54,Alox5,no_dataset
55,Alpl,no_dataset
56,Als2,no_dataset
57,Amica1,no_dataset
58,Amigo1,no_dataset
59,Ammecr1l,no_dataset
61,Amt,no_dataset
62,Angpt1,no_dataset
63,Angptl7,no_dataset
65,Ankle2,no_dataset
66,Ankra2,no_dataset
67,Ankrd13b,no_dataset
68,Ankrd18b,no_dataset
69,Ankrd28,no_dataset
70,Ankrd32,no_dataset
71,Ankrd36c,no_dataset
72,Ankrd39,no_dataset
74,Ankzf1,no_dataset
77,Anxa8,no_dataset
79,Ap001816.1,no_dataset
80,Ap1g2,no_dataset
81,Ap1m2,no_dataset
83,Ap3b2,no_dataset
84,Ap4b1,no_dataset
85,Ap4m1,no_dataset
86,Ap5b1,no_dataset
89,Apoo,no_dataset
91,Aqp7,no_dataset
92,Aqr,no_dataset
93,Arap3,no_dataset
94,Arfgap3,no_dataset
95,Arhgap29,no_dataset
96,Arhgap4,no_dataset
97,Arid2,no_dataset
98,Arid3b,no_dataset
99,Arid3c,no_dataset
101,Armc7,no_dataset
102,Armcx4,no_dataset
103,Arrb2,no_dataset
105,Arsg,no_dataset
107,Arsk,no_dataset
108,Asb3,no_dataset
109,Asb7,no_dataset
111,Asl,no_dataset
112,Asphd2,no_dataset
113,Ass1,no_dataset
114,Aste1,no_dataset
115,Asxl1,no_dataset
116,Atad5,no_dataset
117,Atf1,no_dataset
118,Atf7,no_dataset
119,Atoh7,no_dataset
120,Atp4a,no_dataset
121,Atp6v1g2,no_dataset
122,Atp7b,no_dataset
123,Atp8b4,no_dataset
125,B3galnt1,no_dataset
129,Bank1,no_dataset
130,Banp,no_dataset
131,Bcar1,no_dataset
132,Bcl2a1,no_dataset
134,Bcl7a,no_dataset
135,Bcl9l,no_dataset
136,Bdh1,no_dataset
137,Bdkrb1,no_dataset
138,Bdkrb2,no_dataset
140,Begain,no_dataset
141,Bend3,no_dataset
142,Best3,no_dataset
144,Bhmt,no_dataset
145,Bicd1,no_dataset
146,Bicd2,no_dataset
147,Blm,no_dataset
149,Bnipl,no_dataset
151,Bphl,no_dataset
152,Brcc3,no_dataset
153,Brd1,no_dataset
154,Brd9,no_dataset
155,Brpf3,no_dataset
156,Brwd3,no_dataset
159,Bub1b,no_dataset
160,Bzrap1,no_dataset
161,C10orf25,no_dataset
162,C10orf35,no_dataset
163,C10orf62,no_dataset
164,C10orf95,no_dataset
165,C11orf52,no_dataset
166,C11orf58,no_dataset
167,C11orf68,no_dataset
168,C11orf80,no_dataset
169,C12orf42,no_dataset
170,C14orf132,no_dataset
171,C15orf27,no_dataset
172,C16orf58,no_dataset
173,C16orf86,no_dataset
174,C17orf53,no_dataset
175,C17orf70,no_dataset
176,C17orf80,no_dataset
177,C18orf42,no_dataset
178,C19orf57,no_dataset
179,C19orf60,no_dataset
180,C19orf71,no_dataset
181,C1ql1,no_dataset
182,C1qtnf2,no_dataset
183,C1orf145,no_dataset
184,C1orf162,no_dataset
185,C1orf172,no_dataset
186,C1orf226,no_dataset
187,C1orf35,no_dataset
188,C1orf74,no_dataset
189,C21orf59,no_dataset
190,C22orf29,no_dataset
191,C22orf39,no_dataset
192,C2orf44,no_dataset
193,C2orf68,no_dataset
194,C3orf18,no_dataset
195,C3orf33,no_dataset
196,C3orf35,no_dataset
197,C3orf58,no_dataset
198,C4orf29,no_dataset
199,C4orf45,no_dataset
200,C5orf42,no_dataset
201,C5orf45,no_dataset
202,C5orf54,no_dataset
203,C6orf195,no_dataset
204,C6orf222,no_dataset
205,C7orf31,no_dataset
206,C8orf34,no_dataset
207,C8orf58,no_dataset
208,C9orf72,no_dataset
209,C9orf89,no_dataset
210,Ca10,no_dataset
211,Ca11,no_dataset
212,Ca4,no_dataset
213,Ca8,no_dataset
214,Ca9,no_dataset
216,Cacna1b,no_dataset
217,Cacna1f,no_dataset
220,Cacng2,no_dataset
222,Cadm1,no_dataset
223,Cadm3,no_dataset
228,Calhm1,no_dataset
229,Calml4,no_dataset
230,Caln1,no_dataset
232,Camk2n2,no_dataset
235,Camsap1,no_dataset
237,Card16,no_dataset
238,Cars2,no_dataset
239,Casp1,no_dataset
240,Catsper2,no_dataset
243,Cbln1,no_dataset
244,Cbln3,no_dataset
245,Cbwd5,no_dataset
246,Cbx6,no_dataset
247,Cbx7,no_dataset
248,Cc2d1a,no_dataset
249,Ccdc101,no_dataset
250,Ccdc107,no_dataset
251,Ccdc110,no_dataset
252,Ccdc117,no_dataset
253,Ccdc12,no_dataset
254,Ccdc138,no_dataset
255,Ccdc142,no_dataset
256,Ccdc144nl,no_dataset
257,Ccdc148,no_dataset
258,Ccdc19,no_dataset
259,Ccdc22,no_dataset
260,Ccdc28b,no_dataset
261,Ccdc64,no_dataset
262,Ccdc81,no_dataset
263,Ccdc82,no_dataset
264,Ccdc85c,no_dataset
265,Ccdc88b,no_dataset
266,Ccdc89,no_dataset
267,Ccdc94,no_dataset
269,Ccl27,no_dataset
270,Ccnf,no_dataset
271,Ccng2,no_dataset
272,Ccnjl,no_dataset
273,Ccno,no_dataset
274,Ccs,no_dataset
275,Cct7,no_dataset
276,Cd14,no_dataset
277,Cd151,no_dataset
278,Cd2ap,no_dataset
279,Cd2bp2,no_dataset
280,Cd40,no_dataset
281,Cd5,no_dataset
282,Cdan1,no_dataset
283,Cdc23,no_dataset
285,Cdc34,no_dataset
286,Cdc42bpg,no_dataset
287,Cdc7,no_dataset
294,Cdipt,no_dataset
296,Cdkl4,no_dataset
297,Cdon,no_dataset
298,Cdrt1,no_dataset
300,Cecr5,no_dataset
302,Cenpj,no_dataset
303,Cenpv,no_dataset
304,Cep68,no_dataset
306,Cep76,no_dataset
307,Cerkl,no_dataset
308,Ces3,no_dataset
309,Cfp,no_dataset
310,Chaf1b,no_dataset
312,Chic2,no_dataset
313,Chkb,no_dataset
316,Chrna10,no_dataset
321,Chtf18,no_dataset
322,Cic,no_dataset
323,Cideb,no_dataset
324,Cited2,no_dataset
325,Ckmt1a,no_dataset
326,Clcnkb,no_dataset
328,Clec4g,no_dataset
329,Clip1,no_dataset
331,Clk4,no_dataset
333,Clspn,no_dataset
334,Clul1,no_dataset
336,Cmtm7,no_dataset
337,Cnksr2,no_dataset
338,Cnnm4,no_dataset
339,Cnot3,no_dataset
340,Cnot6,no_dataset
341,Cnpy1,no_dataset
342,Cnpy4,no_dataset
344,Cnrip1,no_dataset
345,Cntd2,no_dataset
347,Cog4,no_dataset
348,Coil,no_dataset
349,Col11a2,no_dataset
350,Col13a1,no_dataset
353,Col28a1,no_dataset
356,Col7a1,no_dataset
357,Col8a2,no_dataset
358,Commd3,no_dataset
359,Coro1a,no_dataset
360,Cox19,no_dataset
362,Cpsf3l,no_dataset
363,Cpsf4,no_dataset
364,Cpsf6,no_dataset
365,Cpvl,no_dataset
366,Cramp1l,no_dataset
368,Creb1,no_dataset
369,Creb3l4,no_dataset
370,Crebzf,no_dataset
371,Crip3,no_dataset
373,Crmp1,no_dataset
374,Crnkl1,no_dataset
375,Crocc,no_dataset
376,Crtam,no_dataset
377,Cry1,no_dataset
379,Crygs,no_dataset
382,Csnk1g1,no_dataset
383,Ct45a3,no_dataset
384,Ctbs,no_dataset
385,Ctcf,no_dataset
386,Ctdspl,no_dataset
387,Ctdspl2,no_dataset
388,Ctsf,no_dataset
389,Cul3,no_dataset
390,Cul7,no_dataset
392,Cuzd1,no_dataset
393,Cxxc1,no_dataset
394,Cxorf24,no_dataset
395,Cxorf67,no_dataset
400,Cyp2c18,no_dataset
401,Cyp2c19,no_dataset
402,Cyp2r1,no_dataset
404,Cyp4x1,no_dataset
405,Cys1,no_dataset
406,Daam1,no_dataset
407,Dab2ip,no_dataset
408,Dact1,no_dataset
409,Dak,no_dataset
410,Dand5,no_dataset
411,Dao,no_dataset
412,Darc,no_dataset
415,Dcaf15,no_dataset
416,Dcp2,no_dataset
417,Ddb2,no_dataset
418,Ddrgk1,no_dataset
419,Ddx20,no_dataset
421,Ddx46,no_dataset
422,Ddx47,no_dataset
423,Ddx56,no_dataset
424,Deaf1,no_dataset
426,Dedd2,no_dataset
427,Degs2,no_dataset
428,Dennd4a,no_dataset
429,Dgcr8,no_dataset
430,Dgka,no_dataset
431,Dgkd,no_dataset
434,Dhdh,no_dataset
435,Dhps,no_dataset
436,Dhrs13,no_dataset
437,Dhrs2,no_dataset
438,Dhx15,no_dataset
439,Dhx29,no_dataset
440,Dhx33,no_dataset
441,Dhx38,no_dataset
442,Diras2,no_dataset
444,Dkfzp779l1853,no_dataset
445,Dlg5,no_dataset
446,Dmc1,no_dataset
447,Dmtf1,no_dataset
448,Dmxl2,no_dataset
449,Dnah2,no_dataset
451,Dnajc17,no_dataset
452,Dnajc9,no_dataset
454,Dnm1,no_dataset
455,Dnmt1,no_dataset
456,Dnmt3b,no_dataset
460,Dram2,no_dataset
461,Drap1,no_dataset
462,Dscc1,no_dataset
463,Dsg2,no_dataset
465,Dusp11,no_dataset
466,Dusp12,no_dataset
467,Dusp26,no_dataset
469,Dyrk2,no_dataset
470,Dzip1,no_dataset
471,Dzip1l,no_dataset
473,Ears2,no_dataset
474,Ebf1,no_dataset
475,Ebf3,no_dataset
476,Ebp,no_dataset
477,Echdc3,no_dataset
479,Edf1,no_dataset
480,Eed,no_dataset
481,Eef2k,no_dataset
485,Eid2b,no_dataset
486,Eid3,no_dataset
487,Eif2b4,no_dataset
488,Eif3d,no_dataset
489,Eif3e,no_dataset
490,Eif3f,no_dataset
491,Eif3l,no_dataset
492,Elavl4,no_dataset
494,Elk3,no_dataset
495,Ell3,no_dataset
496,Emd,no_dataset
497,Emid1,no_dataset
498,Eml6,no_dataset
499,Emp3,no_dataset
500,Enpp1,no_dataset
501,Enpp3,no_dataset
503,Epb41l4b,no_dataset
504,Epb41l5,no_dataset
505,Epc2,no_dataset
507,Epn1,no_dataset
508,Eppk1,no_dataset
510,Ercc3,no_dataset
511,Erlin1,no_dataset
515,Etv2,no_dataset
516,Exd1,no_dataset
518,Exosc2,no_dataset
519,Exosc9,no_dataset
521,Ezh1,no_dataset
522,Ezh2,no_dataset
523,F2,no_dataset
524,Faah2,no_dataset
527,Fads3,no_dataset
528,Fads6,no_dataset
529,Fam101a,no_dataset
532,Fam106a,no_dataset
533,Fam110b,no_dataset
534,Fam110c,no_dataset
535,Fam117a,no_dataset
536,Fam117b,no_dataset
537,Fam132a,no_dataset
538,Fam134c,no_dataset
539,Fam13a,no_dataset
540,Fam153a,no_dataset
541,Fam153b,no_dataset
542,Fam156a,no_dataset
543,Fam160a2,no_dataset
544,Fam171a2,no_dataset
545,Fam172a,no_dataset
547,Fam185a,no_dataset
548,Fam46b,no_dataset
549,Fam57a,no_dataset
550,Fam64a,no_dataset
551,Fam72d,no_dataset
552,Fam76a,no_dataset
555,Fam98c,no_dataset
556,Fam9c,no_dataset
557,Fancc,no_dataset
558,Fance,no_dataset
559,Fancg,no_dataset
560,Fat2,no_dataset
561,Fbxl12,no_dataset
562,Fbxl22,no_dataset
564,Fbxl6,no_dataset
565,Fbxo17,no_dataset
567,Fbxo27,no_dataset
568,Fbxo31,no_dataset
569,Fbxo4,no_dataset
571,Fbxo5,no_dataset
572,Fbxo6,no_dataset
573,Fbxw10,no_dataset
574,Fbxw12,no_dataset
575,Fbxw9,no_dataset
576,Fcrl6,no_dataset
577,Fcrlb,no_dataset
578,Fdxr,no_dataset
580,Fgf14,no_dataset
581,Fgf17,no_dataset
582,Fgf20,no_dataset
583,Fgf5,no_dataset
584,Fgf9,no_dataset
585,Fhod1,no_dataset
586,Fkbp14,no_dataset
587,Fkbp3,no_dataset
588,Flna,no_dataset
590,Flt3,no_dataset
591,Foxd4l3,no_dataset
592,Foxh1,no_dataset
593,Foxj2,no_dataset
594,Foxj3,no_dataset
595,Foxn3,no_dataset
597,Fpgs,no_dataset
598,Frem1,no_dataset
599,Frem2,no_dataset
601,Fscn3,no_dataset
602,Fsd2,no_dataset
604,Fubp1,no_dataset
605,Fus,no_dataset
606,Fut1,no_dataset
607,Fut2,no_dataset
608,Fut4,no_dataset
609,Fxyd2,no_dataset
614,Gabrd,no_dataset
616,Gak,no_dataset
617,Galk1,no_dataset
618,Galnt12,no_dataset
620,Galnt7,no_dataset
625,Gcnt1,no_dataset
626,Gcnt2,no_dataset
627,Gcom1,no_dataset
629,Gfod1,no_dataset
630,Gfod2,no_dataset
632,Gins1,no_dataset
633,Gins2,no_dataset
635,Gkap1,no_dataset
639,Gle1,no_dataset
640,Gli1,no_dataset
641,Glis1,no_dataset
644,Gmcl1,no_dataset
645,Gmeb1,no_dataset
646,Gnb2l1,no_dataset
647,Gnb3,no_dataset
648,Gnmt,no_dataset
649,Gnpda2,no_dataset
651,Golga6b,no_dataset
653,Gorab,no_dataset
654,Gosr1,no_dataset
655,Gp6,no_dataset
656,Gpbp1,no_dataset
657,Gpld1,no_dataset
658,Gpm6a,no_dataset
659,Gpr135,no_dataset
663,Gpr19,no_dataset
664,Gpr22,no_dataset
665,Gpr68,no_dataset
668,Gprc5c,no_dataset
670,Gprin2,no_dataset
671,Gpsm1,no_dataset
672,Gramd1a,no_dataset
674,Grhl1,no_dataset
682,Gripap1,no_dataset
683,Grk1,no_dataset
684,Grk4,no_dataset
686,Grm6,no_dataset
687,Gsdmb,no_dataset
688,Gsg1,no_dataset
690,Gtf2e2,no_dataset
693,Gtf3c5,no_dataset
694,H2afy2,no_dataset
695,H3f3b,no_dataset
696,Hars2,no_dataset
697,Has2,no_dataset
698,Haus1,no_dataset
699,Hcg27,no_dataset
700,Hck,no_dataset
701,Hdac5,no_dataset
703,Hddc2,no_dataset
704,Heatr4,no_dataset
706,Hells,no_dataset
707,Helq,no_dataset
708,Hepacam2,no_dataset
709,Hexdc,no_dataset
710,Hfm1,no_dataset
711,Hgfac,no_dataset
712,Hiatl2,no_dataset
713,Hinfp,no_dataset
715,Hist1h1d,no_dataset
717,Hist1h2bd,no_dataset
719,Hist1h2bj,no_dataset
720,Hist1h2bn,no_dataset
721,Hist1h4a,no_dataset
722,Hist1h4b,no_dataset
723,Hist1h4c,no_dataset
724,Hist1h4f,no_dataset
725,Hist1h4h,no_dataset
726,Hist2h2be,no_dataset
727,Hist2h3a,no_dataset
728,Hist3h2bb,no_dataset
729,Hk1,no_dataset
730,Hmcn2,no_dataset
731,Hn1,no_dataset
732,Hnrnpa2b1,no_dataset
733,Hnrnpd,no_dataset
734,Hnrnph1,no_dataset
735,Hnrnph3,no_dataset
736,Hnrnpk,no_dataset
739,Hps4,no_dataset
740,Hpx,no_dataset
742,Hsd17b11,no_dataset
743,Hsd17b13,no_dataset
744,Hsd17b14,no_dataset
745,Hsf2,no_dataset
746,Hsf4,no_dataset
747,Hsf5,no_dataset
748,Hspa14,no_dataset
750,Htr5a,no_dataset
751,Hyi,no_dataset
752,Hyls1,no_dataset
753,Iars,no_dataset
754,Ibsp,no_dataset
755,Ica1l,no_dataset
756,Idnk,no_dataset
757,Idua,no_dataset
758,Ier3ip1,no_dataset
760,Ifne,no_dataset
761,Igdcc3,no_dataset
762,Ighmbp2,no_dataset
764,Ihh,no_dataset
765,Ikzf3,no_dataset
766,Il11,no_dataset
767,Il15,no_dataset
769,Il27ra,no_dataset
771,Immp1l,no_dataset
772,Immp2l,no_dataset
773,Inadl,no_dataset
774,Incenp,no_dataset
775,Ing3,no_dataset
776,Inha,no_dataset
777,Ino80,no_dataset
778,Ino80e,no_dataset
779,Inpp4a,no_dataset
780,Inpp5b,no_dataset
782,Insm1,no_dataset
783,Ints10,no_dataset
784,Ints4l2,no_dataset
785,Ip6k2,no_dataset
786,Iqcc,no_dataset
787,Irf6,no_dataset
788,Isg20l2,no_dataset
789,Itfg2,no_dataset
790,Itga2b,no_dataset
794,Jak3,no_dataset
795,Jmjd7-pla2g4b,no_dataset
796,Jph4,no_dataset
797,Jtb,no_dataset
799,Kbtbd7,no_dataset
805,Kcnj13,no_dataset
809,Kcnk12,no_dataset
811,Kcnk3,no_dataset
813,Kcnq2,no_dataset
815,Kctd2,no_dataset
818,Kdm4c,no_dataset
819,Kdm5b,no_dataset
820,Khdrbs1,no_dataset
821,Khk,no_dataset
822,Kiaa0247,no_dataset
823,Kiaa0513,no_dataset
824,Kiaa0895l,no_dataset
825,Kiaa0907,no_dataset
826,Kiaa0947,no_dataset
827,Kiaa1024,no_dataset
828,Kiaa1239,no_dataset
829,Kiaa1244,no_dataset
830,Kiaa1432,no_dataset
831,Kiaa1456,no_dataset
832,Kiaa1524,no_dataset
833,Kiaa1614,no_dataset
834,Kiaa1683,no_dataset
835,Kiaa1731,no_dataset
836,Kiaa1875,no_dataset
837,Kiaa2018,no_dataset
838,Kif18b,no_dataset
839,Kif20b,no_dataset
842,Kin,no_dataset
843,Klf11,no_dataset
844,Klf6,no_dataset
845,Klhdc8a,no_dataset
847,Klhl22,no_dataset
848,Klhl23,no_dataset
849,Klhl28,no_dataset
850,Klhl3,no_dataset
851,Klhl38,no_dataset
852,Klhl8,no_dataset
854,Klk5,no_dataset
855,Klrg1,no_dataset
856,Kntc1,no_dataset
857,Kptn,no_dataset
858,Krt19,no_dataset
859,Krt33b,no_dataset
860,Krtcap3,no_dataset
862,L1td1,no_dataset
863,Lama5,no_dataset
867,Lcmt1,no_dataset
868,Lcmt2,no_dataset
869,Lcn8,no_dataset
870,Lcor,no_dataset
871,Lcp1,no_dataset
872,Ldlrad3,no_dataset
873,Lefty1,no_dataset
874,Lefty2,no_dataset
875,Letm2,no_dataset
876,Lgals3,no_dataset
878,Lilra5,no_dataset
879,Lima1,no_dataset
881,Lingo1,no_dataset
882,Lipj,no_dataset
883,Lman2l,no_dataset
884,Lmbr1l,no_dataset
885,Lmnb1,no_dataset
887,Lor,no_dataset
888,Lox,no_dataset
889,Lpar4,no_dataset
890,Lrch1,no_dataset
891,Lrch2,no_dataset
892,Lrfn4,no_dataset
893,Lrrc16b,no_dataset
894,Lrrc28,no_dataset
898,Lrrc56,no_dataset
899,Lrrk1,no_dataset
901,Lrwd1,no_dataset
902,Lsm6,no_dataset
903,Lta4h,no_dataset
905,Lurap1l,no_dataset
908,Lyn,no_dataset
911,Mab21l1,no_dataset
912,Macrod1,no_dataset
913,Mad2l1,no_dataset
914,Mad2l2,no_dataset
915,Madd,no_dataset
916,Mael,no_dataset
917,Maf1,no_dataset
918,Magee2,no_dataset
919,Malt1,no_dataset
920,Mamdc4,no_dataset
921,Maml3,no_dataset
922,Man1c1,no_dataset
923,Man2c1,no_dataset
924,Map3k12,no_dataset
931,Mapkbp1,no_dataset
932,Marco,no_dataset
933,Mast1,no_dataset
934,Mbd5,no_dataset
935,Mbip,no_dataset
936,Mblac1,no_dataset
937,Mblac2,no_dataset
938,Mbtps1,no_dataset
939,Mcee,no_dataset
940,Mcm2,no_dataset
941,Mcm4,no_dataset
943,Mctp1,no_dataset
944,Mdc1,no_dataset
945,Mdga1,no_dataset
947,Med13l,no_dataset
948,Med17,no_dataset
951,Med6,no_dataset
954,Mesp1,no_dataset
955,Mettl10,no_dataset
956,Mettl14,no_dataset
957,Mettl6,no_dataset
958,Mfsd4,no_dataset
959,Mfsd7,no_dataset
961,Mgat4b,no_dataset
963,Mical3,no_dataset
964,Miip,no_dataset
965,Mios,no_dataset
966,Mknk1,no_dataset
967,Mllt10,no_dataset
970,Mmp24,no_dataset
971,Mns1,no_dataset
973,Mov10l1,no_dataset
974,Mpg,no_dataset
975,Mpo,no_dataset
976,Mpp2,no_dataset
978,Mpp4,no_dataset
979,Mpp7,no_dataset
980,Mpzl3,no_dataset
981,Msh4,no_dataset
982,Msra,no_dataset
983,Mst1r,no_dataset
984,Msx2,no_dataset
985,Mtbp,no_dataset
986,Mterfd2,no_dataset
987,Mthfd1l,no_dataset
988,Mtmr1,no_dataset
989,Mtrf1l,no_dataset
990,Muc19,no_dataset
991,Mvd,no_dataset
993,Mycbp,no_dataset
994,Mycbpap,no_dataset
995,Myd88,no_dataset
996,Myef2,no_dataset
997,Myl7,no_dataset
998,Mynn,no_dataset
999,Myo15a,no_dataset
1001,Myo1g,no_dataset
1003,Myrip,no_dataset
1005,Mzf1,no_dataset
1006,N4bp2l1,no_dataset
1007,Naaladl1,no_dataset
1009,Nab2,no_dataset
1010,Naca,no_dataset
1011,Nadk,no_dataset
1012,Nae1,no_dataset
1013,Nagk,no_dataset
1014,Nanos1,no_dataset
1015,Nars2,no_dataset
1016,Nav3,no_dataset
1017,Nbea,no_dataset
1018,Nbpf1,no_dataset
1019,Nbpf15,no_dataset
1020,Ncapg,no_dataset
1022,Nck2,no_dataset
1023,Ncoa1,no_dataset
1024,Ncoa5,no_dataset
1025,Ncoa6,no_dataset
1026,Ndst2,no_dataset
1028,Necap1,no_dataset
1029,Neil1,no_dataset
1034,Neurog2,no_dataset
1036,Nfkbid,no_dataset
1038,Ngdn,no_dataset
1039,Ngly1,no_dataset
1040,Nhej1,no_dataset
1041,Nhlrc4,no_dataset
1042,Nipal2,no_dataset
1043,Nisch,no_dataset
1044,Nkain1,no_dataset
1046,Nktr,no_dataset
1047,Nlgn1,no_dataset
1048,Nlrp10,no_dataset
1049,Nme6,no_dataset
1050,Nol10,no_dataset
1051,Nol11,no_dataset
1054,Noxo1,no_dataset
1056,Npepl1,no_dataset
1057,Npff,no_dataset
1058,Npm1,no_dataset
1059,Npm2,no_dataset
1061,Nptxr,no_dataset
1062,Nr2c2ap,no_dataset
1065,Nrbp1,no_dataset
1067,Nrg4,no_dataset
1071,Nrxn2,no_dataset
1073,Nsfl1c,no_dataset
1074,Nt5c1a,no_dataset
1078,Nuak2,no_dataset
1080,Nudcd1,no_dataset
1081,Nudt16l1,no_dataset
1082,Numb,no_dataset
1083,Numbl,no_dataset
1084,Nup107,no_dataset
1085,Nup153,no_dataset
1086,Nup160,no_dataset
1087,Nup54,no_dataset
1088,Nup85,no_dataset
1089,Nupl1,no_dataset
1092,Nxf2,no_dataset
1093,Nxf5,no_dataset
1095,Obscn,no_dataset
1096,Obsl1,no_dataset
1098,Or1f1,no_dataset
1099,Osgep,no_dataset
1100,Ovca2,no_dataset
1102,P2ry11,no_dataset
1103,P4ha3,no_dataset
1104,Pa2g4,no_dataset
1105,Pabpn1,no_dataset
1106,Pafah1b3,no_dataset
1107,Pag1,no_dataset
1108,Pah,no_dataset
1111,Pan3,no_dataset
1113,Papd5,no_dataset
1114,Papolb,no_dataset
1116,Pard6b,no_dataset
1117,Parg,no_dataset
1118,Parp15,no_dataset
1119,Parp16,no_dataset
1120,Parp2,no_dataset
1121,Parp6,no_dataset
1122,Pax2,no_dataset
1124,Paxip1,no_dataset
1125,Pcca,no_dataset
1126,Pcdha1,no_dataset
1127,Pcdha11,no_dataset
1128,Pcdha13,no_dataset
1129,Pcdha5,no_dataset
1130,Pcdha9,no_dataset
1132,Pcdhga8,no_dataset
1133,Pcdhga9,no_dataset
1134,Pcdhgb3,no_dataset
1135,Pcgf3,no_dataset
1136,Pcid2,no_dataset
1138,Pcmtd2,no_dataset
1139,Pcolce,no_dataset
1140,Pcyox1l,no_dataset
1141,Pdcd2,no_dataset
1143,Pde3b,no_dataset
1145,Pde6a,no_dataset
1146,Pde6d,no_dataset
1147,Pdia2,no_dataset
1148,Pdik1l,no_dataset
1149,Pdk1,no_dataset
1150,Pdk2,no_dataset
1151,Pdlim1,no_dataset
1153,Pdrg1,no_dataset
1154,Pdss1,no_dataset
1156,Pdxp,no_dataset
1157,Pdzd4,no_dataset
1158,Pdzk1,no_dataset
1161,Pgam2,no_dataset
1162,Pgap1,no_dataset
1163,Pgm2,no_dataset
1164,Phex,no_dataset
1165,Phf20l1,no_dataset
1166,Phip,no_dataset
1167,Phlpp2,no_dataset
1168,Phospho2,no_dataset
1169,Phtf1,no_dataset
1170,Pi4k2b,no_dataset
1171,Pias1,no_dataset
1172,Pias3,no_dataset
1173,Pigh,no_dataset
1174,Pigl,no_dataset
1175,Pigz,no_dataset
1176,Pih1d1,no_dataset
1178,Pik3r5,no_dataset
1179,Pilra,no_dataset
1180,Pilrb,no_dataset
1183,Pisd,no_dataset
1184,Pitpnm3,no_dataset
1185,Pkd1,no_dataset
1187,Pkib,no_dataset
1189,Pkn3,no_dataset
1191,Pla2g2c,no_dataset
1192,Plac8l1,no_dataset
1193,Plag1,no_dataset
1195,Plcl2,no_dataset
1196,Plekhf2,no_dataset
1198,Plekho1,no_dataset
1199,Plglb1,no_dataset
1200,Plglb2,no_dataset
1202,Plp2,no_dataset
1205,Pm20d1,no_dataset
1206,Pmf1,no_dataset
1207,Pms1,no_dataset
1208,Pnpla2,no_dataset
1210,Podnl1,no_dataset
1212,Pola2,no_dataset
1213,Polb,no_dataset
1214,Pold2,no_dataset
1215,Pole,no_dataset
1216,Pole3,no_dataset
1217,Polg,no_dataset
1218,Polg2,no_dataset
1219,Poln,no_dataset
1220,Polq,no_dataset
1222,Polr2h,no_dataset
1223,Polr3c,no_dataset
1224,Polr3e,no_dataset
1225,Polr3f,no_dataset
1226,Polr3k,no_dataset
1227,Pop1,no_dataset
1228,Popdc2,no_dataset
1229,Ppa1,no_dataset
1230,Ppapdc1b,no_dataset
1231,Ppargc1b,no_dataset
1232,Ppfia3,no_dataset
1233,Ppfia4,no_dataset
1234,Pphln1,no_dataset
1235,Ppil2,no_dataset
1236,Ppil6,no_dataset
1237,Ppl,no_dataset
1238,Ppm1d,no_dataset
1239,Ppm1j,no_dataset
1240,Ppox,no_dataset
1241,Ppp1r12a,no_dataset
1242,Ppp1r1c,no_dataset
1243,Ppt2,no_dataset
1245,Pqlc2,no_dataset
1246,Prap1,no_dataset
1247,Prc1,no_dataset
1248,Prcd,no_dataset
1249,Prdm10,no_dataset
1250,Preb,no_dataset
1251,Prh1,no_dataset
1252,Prim1,no_dataset
1253,Prkaa2,no_dataset
1258,Proca1,no_dataset
1259,Prok1,no_dataset
1261,Prpf39,no_dataset
1262,Prpf4b,no_dataset
1266,Prr14,no_dataset
1267,Prr16,no_dataset
1268,Prr3,no_dataset
1269,Prrc1,no_dataset
1270,Prrt1,no_dataset
1271,Prrt2,no_dataset
1272,Prss3,no_dataset
1274,Psip1,no_dataset
1275,Ptch1,no_dataset
1276,Ptch2,no_dataset
1278,Ptger3,no_dataset
1279,Ptges2,no_dataset
1280,Ptk6,no_dataset
1282,Ptpn9,no_dataset
1284,Ptx3,no_dataset
1286,Pus3,no_dataset
1287,Pus7l,no_dataset
1288,Pxt1,no_dataset
1289,Pycard,no_dataset
1290,Pydc1,no_dataset
1291,Pydc2,no_dataset
1292,Qrich1,no_dataset
1293,Qsox2,no_dataset
1294,Qtrt1,no_dataset
1295,Rab11fip1,no_dataset
1297,Rab24,no_dataset
1298,Rab26,no_dataset
1299,Rab27a,no_dataset
1300,Rab28,no_dataset
1301,Rab33b,no_dataset
1305,Rad51ap2,no_dataset
1306,Rad51c,no_dataset
1307,Rad9a,no_dataset
1308,Rae1,no_dataset
1310,Ranbp10,no_dataset
1313,Rars,no_dataset
1315,Rasgef1c,no_dataset
1316,Rasip1,no_dataset
1318,Rassf7,no_dataset
1320,Rbck1,no_dataset
1321,Rbfa,no_dataset
1322,Rbm10,no_dataset
1323,Rbm12,no_dataset
1324,Rbm23,no_dataset
1326,Rbm44,no_dataset
1327,Rbm5,no_dataset
1328,Rbmx2,no_dataset
1329,Rbmxl1,no_dataset
1330,Rbp5,no_dataset
1331,Rc3h1,no_dataset
1332,Rce1,no_dataset
1335,Rdh13,no_dataset
1336,Reck,no_dataset
1338,Rel,no_dataset
1340,Rev3l,no_dataset
1341,Rfc2,no_dataset
1342,Rfc3,no_dataset
1343,Rfc4,no_dataset
1347,Rfwd3,no_dataset
1348,Rfxap,no_dataset
1349,Rgl4,no_dataset
1350,Rgp1,no_dataset
1351,Rgs11,no_dataset
1352,Rgs7,no_dataset
1353,Rhoxf1,no_dataset
1354,Ric3,no_dataset
1355,Rims1,no_dataset
1356,Rit2,no_dataset
1357,Rltpr,no_dataset
1359,Rmnd5a,no_dataset
1360,Rnaseh2a,no_dataset
1361,Rnf103,no_dataset
1362,Rnf112,no_dataset
1365,Rnf133,no_dataset
1366,Rnf148,no_dataset
1367,Rnf150,no_dataset
1368,Rnf165,no_dataset
1369,Rnf168,no_dataset
1370,Rnf2,no_dataset
1372,Rnf40,no_dataset
1373,Rnf41,no_dataset
1374,Rnft1,no_dataset
1375,Rngtt,no_dataset
1376,Rnpep,no_dataset
1377,Rp11-770j1.4,no_dataset
1378,Rp11-89n17.1,no_dataset
1379,Rph3al,no_dataset
1380,Rpia,no_dataset
1381,Rpl10,no_dataset
1382,Rpl10a,no_dataset
1383,Rpl13a,no_dataset
1384,Rpl3,no_dataset
1385,Rpl37a,no_dataset
1386,Rpl5,no_dataset
1387,Rpl7a,no_dataset
1388,Rpl7l1,no_dataset
1389,Rpl9,no_dataset
1390,Rpp14,no_dataset
1391,Rprml,no_dataset
1394,Rps27a,no_dataset
1395,Rps4y1,no_dataset
1397,Rps6ka4,no_dataset
1398,Rps7,no_dataset
1399,Rps9,no_dataset
1400,Rpusd3,no_dataset
1402,Rras2,no_dataset
1403,Rrn3,no_dataset
1404,Rrp15,no_dataset
1405,Rsbn1l,no_dataset
1406,Rsf1,no_dataset
1407,Rsph10b,no_dataset
1408,Rsph9,no_dataset
1410,Rspo3,no_dataset
1411,Rsrc2,no_dataset
1412,Rtf1,no_dataset
1414,Rundc3a,no_dataset
1415,Rundc3b,no_dataset
1416,Runx1t1,no_dataset
1418,Ryr2,no_dataset
1419,S100p,no_dataset
1420,Sall4,no_dataset
1422,Sarm1,no_dataset
1423,Sarnp,no_dataset
1425,Sat2,no_dataset
1427,Scand3,no_dataset
1428,Scgn,no_dataset
1429,Scn2a,no_dataset
1431,Scn9a,no_dataset
1436,Sdhaf1,no_dataset
1437,Sec23ip,no_dataset
1438,Sec24a,no_dataset
1439,Sec24d,no_dataset
1440,Sec31b,no_dataset
1441,Sema4f,no_dataset
1443,Senp1,no_dataset
1446,Setd1b,no_dataset
1447,Setd6,no_dataset
1448,Setdb1,no_dataset
1450,Sfi1,no_dataset
1451,Sfxn3,no_dataset
1452,Sgca,no_dataset
1454,Sgms2,no_dataset
1456,Sh2b1,no_dataset
1457,Sh2d3c,no_dataset
1458,Sh3bp5,no_dataset
1460,Shank1,no_dataset
1461,Shcbp1,no_dataset
1462,Shf,no_dataset
1463,Shmt1,no_dataset
1465,Shprh,no_dataset
1466,Shroom3,no_dataset
1467,Siah3,no_dataset
1469,Sirt4,no_dataset
1470,Sirt7,no_dataset
1471,Skor1,no_dataset
1472,Slc16a13,no_dataset
1473,Slc16a5,no_dataset
1474,Slc16a9,no_dataset
1476,Slc1a6,no_dataset
1477,Slc22a14,no_dataset
1478,Slc25a34,no_dataset
1479,Slc25a41,no_dataset
1480,Slc25a42,no_dataset
1481,Slc25a43,no_dataset
1482,Slc25a44,no_dataset
1484,Slc26a2,no_dataset
1485,Slc26a5,no_dataset
1486,Slc27a2,no_dataset
1487,Slc27a3,no_dataset
1488,Slc2a14,no_dataset
1491,Slc35f4,no_dataset
1493,Slc37a1,no_dataset
1494,Slc37a4,no_dataset
1495,Slc44a3,no_dataset
1496,Slc46a2,no_dataset
1497,Slc5a5,no_dataset
1499,Slc7a4,no_dataset
1504,Smad1,no_dataset
1505,Smad4,no_dataset
1506,Smarca1,no_dataset
1507,Smarcad1,no_dataset
1508,Smarcb1,no_dataset
1509,Smc5,no_dataset
1510,Smg7,no_dataset
1511,Smpd2,no_dataset
1512,Smpdl3a,no_dataset
1514,Smyd3,no_dataset
1515,Snai2,no_dataset
1518,Snip1,no_dataset
1519,Snrnp200,no_dataset
1520,Snx15,no_dataset
1523,Sox15,no_dataset
1524,Sox4,no_dataset
1526,Spag1,no_dataset
1527,Spata20,no_dataset
1528,Spata5l1,no_dataset
1529,Spata7,no_dataset
1530,Spats1,no_dataset
1531,Spats2,no_dataset
1532,Spc25,no_dataset
1533,Spdye1,no_dataset
1534,Speg,no_dataset
1537,Spon2,no_dataset
1538,Spred2,no_dataset
1540,Spry1,no_dataset
1541,Spry2,no_dataset
1542,Spsb3,no_dataset
1543,Sptbn4,no_dataset
1544,Sptbn5,no_dataset
1545,Sqstm1,no_dataset
1546,Sra1,no_dataset
1547,Srf,no_dataset
1548,Srgap2,no_dataset
1550,Srrd,no_dataset
1551,Srsf1,no_dataset
1552,Ss18l1,no_dataset
1553,Ssbp3,no_dataset
1555,St20,no_dataset
1556,St3gal2,no_dataset
1558,St7,no_dataset
1561,Stambpl1,no_dataset
1562,Stk10,no_dataset
1563,Stk11ip,no_dataset
1564,Stk19,no_dataset
1565,Stk31,no_dataset
1566,Stk38,no_dataset
1567,Ston1,no_dataset
1568,Stra13,no_dataset
1571,Stxbp5l,no_dataset
1573,Sult1a2,no_dataset
1574,Sult1a4,no_dataset
1575,Sumo2,no_dataset
1576,Suv39h1,no_dataset
1578,Suv420h1,no_dataset
1580,Svep1,no_dataset
1581,Svop,no_dataset
1582,Syce1,no_dataset
1583,Sycp3,no_dataset
1585,Syngr1,no_dataset
1589,Sytl1,no_dataset
1591,Tacc2,no_dataset
1592,Taf1b,no_dataset
1593,Taf2,no_dataset
1594,Taf4,no_dataset
1595,Taf5,no_dataset
1596,Tarbp1,no_dataset
1597,Tarbp2,no_dataset
1598,Tas2r20,no_dataset
1599,Tas2r3,no_dataset
1600,Tbc1d22b,no_dataset
1601,Tbc1d24,no_dataset
1602,Tbc1d25,no_dataset
1603,Tbc1d29,no_dataset
1604,Tbc1d3,no_dataset
1606,Tbccd1,no_dataset
1607,Tbpl1,no_dataset
1608,Tceal1,no_dataset
1612,Tcp10l,no_dataset
1613,Tcp11,no_dataset
1614,Tcte1,no_dataset
1615,Tdrd6,no_dataset
1616,Tdrkh,no_dataset
1617,Tefm,no_dataset
1618,Telo2,no_dataset
1619,Terf1,no_dataset
1620,Terf2,no_dataset
1622,Tex14,no_dataset
1624,Tfap2e,no_dataset
1625,Tfb2m,no_dataset
1626,Tfrc,no_dataset
1627,Tg,no_dataset
1628,Tgfbrap1,no_dataset
1629,Tgm1,no_dataset
1630,Tgm3,no_dataset
1632,Thoc3,no_dataset
1635,Thumpd2,no_dataset
1637,Tigd2,no_dataset
1638,Tigd3,no_dataset
1639,Tigd6,no_dataset
1640,Timm44,no_dataset
1641,Timp1,no_dataset
1642,Timp4,no_dataset
1643,Tle2,no_dataset
1647,Tmc2,no_dataset
1648,Tmc5,no_dataset
1649,Tmcc1,no_dataset
1650,Tmco3,no_dataset
1652,Tmem106c,no_dataset
1655,Tmem161a,no_dataset
1656,Tmem161b,no_dataset
1657,Tmem198,no_dataset
1659,Tmem240,no_dataset
1661,Tmem51,no_dataset
1662,Tmem57,no_dataset
1663,Tmem61,no_dataset
1664,Tmem62,no_dataset
1667,Tmem8b,no_dataset
1669,Tmprss9,no_dataset
1670,Tmsb15a,no_dataset
1671,Tmsb15b,no_dataset
1672,Tnfaip8l1,no_dataset
1674,Tnfrsf4,no_dataset
1675,Tnfrsf6b,no_dataset
1676,Tnfsf9,no_dataset
1677,Tnn,no_dataset
1678,Tnpo3,no_dataset
1679,Toe1,no_dataset
1680,Top2b,no_dataset
1681,Top3a,no_dataset
1682,Tor1b,no_dataset
1683,Tor2a,no_dataset
1684,Tp53i11,no_dataset
1685,Tpcn2,no_dataset
1686,Tpm1,no_dataset
1687,Tprkb,no_dataset
1688,Tpte2,no_dataset
1690,Trak1,no_dataset
1691,Trdn,no_dataset
1694,Trib3,no_dataset
1695,Trim11,no_dataset
1696,Trim17,no_dataset
1699,Trim32,no_dataset
1700,Trim4,no_dataset
1701,Trim50,no_dataset
1702,Trim52,no_dataset
1703,Trim55,no_dataset
1704,Trim67,no_dataset
1705,Trim68,no_dataset
1706,Trim7,no_dataset
1707,Trip13,no_dataset
1708,Trmt11,no_dataset
1709,Trmt2a,no_dataset
1710,Trmt6,no_dataset
1711,Trnau1ap,no_dataset
1714,Tsen2,no_dataset
1716,Tspan17,no_dataset
1718,Tspan4,no_dataset
1720,Tspan9,no_dataset
1722,Ttc19,no_dataset
1723,Ttc31,no_dataset
1724,Ttc5,no_dataset
1725,Ttc7b,no_dataset
1727,Ttll1,no_dataset
1729,Tubgcp2,no_dataset
1730,Tubgcp6,no_dataset
1731,Tuft1,no_dataset
1732,Tusc3,no_dataset
1734,Twist2,no_dataset
1735,Txndc11,no_dataset
1736,Txnl4b,no_dataset
1737,Txnrd2,no_dataset
1739,U2af1l4,no_dataset
1741,Uba2,no_dataset
1742,Ubap1l,no_dataset
1745,Ube2q1,no_dataset
1747,Ubn1,no_dataset
1748,Ubp1,no_dataset
1749,Ubqln3,no_dataset
1750,Ubtd2,no_dataset
1752,Uhrf2,no_dataset
1753,Uimc1,no_dataset
1754,Ulbp2,no_dataset
1755,Ulk3,no_dataset
1756,Unc13b,no_dataset
1758,Unc5a,no_dataset
1760,Upf3a,no_dataset
1761,Upp2,no_dataset
1762,Usp1,no_dataset
1763,Usp15,no_dataset
1765,Usp28,no_dataset
1766,Usp3,no_dataset
1767,Usp44,no_dataset
1768,Usp45,no_dataset
1769,Usp47,no_dataset
1770,Usp9y,no_dataset
1771,Utp6,no_dataset
1773,Vcl,no_dataset
1776,Vhl,no_dataset
1777,Vhll,no_dataset
1778,Vipr1,no_dataset
1779,Vit,no_dataset
1780,Vn1r1,no_dataset
1781,Vps13a,no_dataset
1782,Vps33b,no_dataset
1783,Vps37a,no_dataset
1784,Vps37d,no_dataset
1785,Vps45,no_dataset
1786,Vsig8,no_dataset
1789,Wbscr27,no_dataset
1790,Wdr17,no_dataset
1791,Wdr19,no_dataset
1792,Wdr52,no_dataset
1793,Wdr76,no_dataset
1794,Wdr90,no_dataset
1795,Wdr92,no_dataset
1796,Wee1,no_dataset
1797,Wfdc1,no_dataset
1798,Wfikkn1,no_dataset
1799,Wfikkn2,no_dataset
1800,Whsc1,no_dataset
1801,Whsc1l1,no_dataset
1802,Wnk4,no_dataset
1803,Wrap53,no_dataset
1804,Wrnip1,no_dataset
1805,Wscd2,no_dataset
1806,Wtap,no_dataset
1807,Wtip,no_dataset
1809,Xkr6,no_dataset
1810,Xkr7,no_dataset
1811,Xrcc2,no_dataset
1812,Xrcc6bp1,no_dataset
1813,Xrn2,no_dataset
1814,Xrra1,no_dataset
1815,Xylb,no_dataset
1816,Yeats4,no_dataset
1817,Yipf7,no_dataset
1818,Ykt6,no_dataset
1819,Ypel3,no_dataset
1820,Ypel4,no_dataset
1821,Ythdc1,no_dataset
1822,Yy2,no_dataset
1823,Zbed5,no_dataset
1824,Zbtb44,no_dataset
1825,Zbtb46,no_dataset
1827,Zbtb8a,no_dataset
1828,Zc3h18,no_dataset
1829,Zc3h7a,no_dataset
1830,Zcchc11,no_dataset
1832,Zcchc14,no_dataset
1833,Zcchc18,no_dataset
1835,Zdhhc18,no_dataset
1836,Zdhhc21,no_dataset
1837,Zfand1,no_dataset
1839,Zfand6,no_dataset
1840,Zfp2,no_dataset
1841,Zfp30,no_dataset
1842,Zfp82,no_dataset
1844,Zfx,no_dataset
1846,Zic5,no_dataset
1847,Zik1,no_dataset
1850,Zmym1,no_dataset
1851,Zmynd19,no_dataset
1852,Znf12,no_dataset
1853,Znf124,no_dataset
1854,Znf131,no_dataset
1855,Znf133,no_dataset
1856,Znf134,no_dataset
1857,Znf136,no_dataset
1858,Znf143,no_dataset
1859,Znf154,no_dataset
1860,Znf177,no_dataset
1861,Znf180,no_dataset
1862,Znf202,no_dataset
1863,Znf212,no_dataset
1864,Znf219,no_dataset
1865,Znf23,no_dataset
1866,Znf230,no_dataset
1867,Znf232,no_dataset
1868,Znf233,no_dataset
1869,Znf236,no_dataset
1870,Znf250,no_dataset
1871,Znf251,no_dataset
1872,Znf256,no_dataset
1873,Znf26,no_dataset
1874,Znf266,no_dataset
1875,Znf274,no_dataset
1876,Znf296,no_dataset
1877,Znf30,no_dataset
1878,Znf300,no_dataset
1879,Znf324,no_dataset
1880,Znf330,no_dataset
1881,Znf331,no_dataset
1882,Znf335,no_dataset
1883,Znf337,no_dataset
1884,Znf33b,no_dataset
1885,Znf345,no_dataset
1886,Znf346,no_dataset
1887,Znf347,no_dataset
1888,Znf350,no_dataset
1889,Znf391,no_dataset
1890,Znf398,no_dataset
1891,Znf416,no_dataset
1892,Znf419,no_dataset
1893,Znf433,no_dataset
1894,Znf439,no_dataset
1895,Znf442,no_dataset
1896,Znf454,no_dataset
1897,Znf461,no_dataset
1898,Znf48,no_dataset
1899,Znf497,no_dataset
1900,Znf500,no_dataset
1901,Znf502,no_dataset
1902,Znf512b,no_dataset
1903,Znf518b,no_dataset
1904,Znf521,no_dataset
1905,Znf527,no_dataset
1906,Znf540,no_dataset
1907,Znf541,no_dataset
1908,Znf544,no_dataset
1909,Znf547,no_dataset
1910,Znf551,no_dataset
1911,Znf556,no_dataset
1912,Znf559,no_dataset
1913,Znf562,no_dataset
1914,Znf563,no_dataset
1915,Znf564,no_dataset
1916,Znf567,no_dataset
1917,Znf57,no_dataset
1918,Znf578,no_dataset
1919,Znf589,no_dataset
1920,Znf611,no_dataset
1921,Znf627,no_dataset
1922,Znf653,no_dataset
1923,Znf655,no_dataset
1924,Znf660,no_dataset
1925,Znf669,no_dataset
1926,Znf671,no_dataset
1927,Znf677,no_dataset
1928,Znf695,no_dataset
1929,Znf700,no_dataset
1930,Znf711,no_dataset
1931,Znf74,no_dataset
1932,Znf749,no_dataset
1933,Znf75d,no_dataset
1934,Znf77,no_dataset
1935,Znf782,no_dataset
1936,Znf785,no_dataset
1937,Znf786,no_dataset
1938,Znf79,no_dataset
1939,Znf791,no_dataset
1940,Znf793,no_dataset
1941,Znf800,no_dataset
1942,Znf821,no_dataset
1943,Znf90,no_dataset
1944,Zp1,no_dataset
1945,Zranb2,no_dataset
1947,Zscan23,no_dataset
1948,Zswim3,no_dataset
1949,Zswim5,no_dataset
1950,Zwilch,no_dataset
1951,Zyg11b,no_dataset
1952,A2m,no_dataset
1953,Aadat,no_dataset
1954,Aagab,no_dataset
1955,Aak1,no_dataset
1956,Aasdhppt,no_dataset
1957,Aass,no_dataset
1958,Aatk,no_dataset
1960,Abca1,no_dataset
1961,Abca2,no_dataset
1962,Abca8,no_dataset
1963,Abca9,no_dataset
1964,Abcb1,no_dataset
1966,Abcc3,no_dataset
1968,Abcc5,no_dataset
1969,Abcc6,no_dataset
1970,Abcc9,no_dataset
1972,Abcg2,no_dataset
1973,Abcg8,no_dataset
1974,Abhd12,no_dataset
1975,Abhd12b,no_dataset
1976,Abhd4,no_dataset
1978,Abi3,no_dataset
1979,Abl1,no_dataset
1981,Abr,no_dataset
1982,Abtb2,no_dataset
1983,Ac110619.2,no_dataset
1984,Acaa1,no_dataset
1986,Acad10,no_dataset
1987,Acad11,no_dataset
1989,Acbd4,no_dataset
1990,Acbd5,no_dataset
1992,Ace2,no_dataset
1993,Acer3,no_dataset
1995,Acly,no_dataset
1996,Acn9,no_dataset
1997,Aco2,no_dataset
1998,Acot11,no_dataset
2000,Acox1,no_dataset
2001,Acp5,no_dataset
2002,Acpl2,no_dataset
2003,Acpp,no_dataset
2004,Acr,no_dataset
2006,Acsl1,no_dataset
2010,Acss3,no_dataset
2012,Actg1,no_dataset
2013,Actl6a,no_dataset
2014,Actn1,no_dataset
2015,Actn2,no_dataset
2016,Actn4,no_dataset
2018,Actr3b,no_dataset
2022,Ada,no_dataset
2023,Adad2,no_dataset
2024,Adal,no_dataset
2025,Adam12,no_dataset
2026,Adam15,no_dataset
2027,Adam23,no_dataset
2029,Adam8,no_dataset
2031,Adamts14,no_dataset
2034,Adamts7,no_dataset
2035,Adamts9,no_dataset
2038,Adar,no_dataset
2040,Adc,no_dataset
2047,Add1,no_dataset
2048,Adh5,no_dataset
2049,Adhfe1,no_dataset
2050,Adi1,no_dataset
2052,Adipor2,no_dataset
2055,Ado,no_dataset
2056,Adora1,no_dataset
2058,Adprhl1,no_dataset
2059,Adra1b,no_dataset
2061,Adra2c,no_dataset
2063,Adrb3,no_dataset
2065,Aen,no_dataset
2066,Aff1,no_dataset
2067,Aga,no_dataset
2069,Ager,no_dataset
2070,Agfg1,no_dataset
2071,Agmat,no_dataset
2072,Agpat1,no_dataset
2074,Agpat5,no_dataset
2077,Agtrap,no_dataset
2078,Ahcy,no_dataset
2081,Aif1l,no_dataset
2083,Aimp1,no_dataset
2086,Ak2,no_dataset
2087,Ak5,no_dataset
2088,Akap10,no_dataset
2090,Akap5,no_dataset
2091,Akap6,no_dataset
2092,Akirin1,no_dataset
2093,Akna,no_dataset
2094,Akr1c1,no_dataset
2095,Akr1c3,no_dataset
2096,Akt1s1,no_dataset
2097,Alad,no_dataset
2098,Alb,no_dataset
2100,Aldh1b1,no_dataset
2102,Aldh3a2,no_dataset
2103,Aldh3b1,no_dataset
2104,Aldh4a1,no_dataset
2106,Aldh6a1,no_dataset
2107,Aldh7a1,no_dataset
2108,Aldh8a1,no_dataset
2109,Aldoa,no_dataset
2112,Alg12,no_dataset
2113,Alg3,no_dataset
2115,Alg8,no_dataset
2116,Alg9,no_dataset
2118,Alkbh5,no_dataset
2120,Alkbh8,no_dataset
2121,Alox12,no_dataset
2122,Alpk1,no_dataset
2123,Als2cr12,no_dataset
2124,Amd1,no_dataset
2125,Amdhd2,no_dataset
2126,Amfr,no_dataset
2128,Amn,no_dataset
2131,Amotl2,no_dataset
2133,Amz1,no_dataset
2134,Anapc1,no_dataset
2135,Anapc5,no_dataset
2136,Angel1,no_dataset
2137,Angptl4,no_dataset
2139,Ankib1,no_dataset
2140,Ankmy2,no_dataset
2141,Ankrd13a,no_dataset
2142,Ankrd17,no_dataset
2143,Ankrd18a,no_dataset
2144,Ankrd20a1,no_dataset
2146,Ankrd29,no_dataset
2147,Ankrd33b,no_dataset
2149,Ankrd37,no_dataset
2150,Ankrd40,no_dataset
2151,Ankrd42,no_dataset
2152,Ankrd45,no_dataset
2153,Anks1b,no_dataset
2156,Ano3,no_dataset
2157,Ano5,no_dataset
2159,Ano7,no_dataset
2160,Anp32b,no_dataset
2161,Antxr2,no_dataset
2168,Anxa7,no_dataset
2170,Ap3b1,no_dataset
2171,Ap3s2,no_dataset
2174,Apeh,no_dataset
2175,Apex2,no_dataset
2176,Aph1b,no_dataset
2177,Apip,no_dataset
2178,Apitd1,no_dataset
2179,Aplf,no_dataset
2181,Aplp1,no_dataset
2182,Apoa1,no_dataset
2183,Apoc1,no_dataset
2184,Apod,no_dataset
2185,Apol1,no_dataset
2186,Apol3,no_dataset
2187,Apol4,no_dataset
2188,Apold1,no_dataset
2189,Apool,no_dataset
2191,Aqp1,no_dataset
2193,Aqp5,no_dataset
2194,Aqp6,no_dataset
2198,Arhgap1,no_dataset
2199,Arhgap11b,no_dataset
2200,Arhgap18,no_dataset
2201,Arhgap24,no_dataset
2203,Arhgdib,no_dataset
2205,Arhgef16,no_dataset
2206,Arhgef17,no_dataset
2207,Arhgef18,no_dataset
2208,Arhgef4,no_dataset
2211,Arid5b,no_dataset
2212,Arih2,no_dataset
2213,Arl1,no_dataset
2214,Arl13b,no_dataset
2216,Arl2bp,no_dataset
2218,Arl8a,no_dataset
2219,Arl8b,no_dataset
2220,Armc1,no_dataset
2222,Armc3,no_dataset
2223,Armc9,no_dataset
2224,Armcx3,no_dataset
2225,Armcx6,no_dataset
2227,Arpc5,no_dataset
2228,Arrdc2,no_dataset
2229,Arrdc4,no_dataset
2231,Arse,no_dataset
2232,Arsf,no_dataset
2233,Artn,no_dataset
2234,Asah2c,no_dataset
2236,Asap3,no_dataset
2238,Asb16,no_dataset
2239,Asb18,no_dataset
2240,Asb2,no_dataset
2244,Asf1a,no_dataset
2246,Aspdh,no_dataset
2247,Aspg,no_dataset
2248,Aspn,no_dataset
2249,Asprv1,no_dataset
2250,Astl,no_dataset
2252,Atad1,no_dataset
2253,Atad2,no_dataset
2254,Atad3c,no_dataset
2255,Atcay,no_dataset
2256,Ate1,no_dataset
2258,Atf6,no_dataset
2260,Atg13,no_dataset
2261,Atg16l2,no_dataset
2262,Atg4c,no_dataset
2263,Athl1,no_dataset
2265,Atmin,no_dataset
2266,Atn1,no_dataset
2267,Atoh8,no_dataset
2270,Atp10d,no_dataset
2273,Atp13a4,no_dataset
2275,Atp1b1,no_dataset
2276,Atp2a1,no_dataset
2279,Atp2b2,no_dataset
2280,Atp2b3,no_dataset
2281,Atp2c1,no_dataset
2282,Atp2c2,no_dataset
2283,Atp5c1,no_dataset
2284,Atp5e,no_dataset
2285,Atp5f1,no_dataset
2286,Atp5i,no_dataset
2290,Atp6ap2,no_dataset
2292,Atp6v0e1,no_dataset
2295,Atp6v1e2,no_dataset
2296,Atp7a,no_dataset
2297,Atp8b3,no_dataset
2299,Atrnl1,no_dataset
2301,Atxn3,no_dataset
2302,Atxn7l2,no_dataset
2303,Atxn7l3,no_dataset
2305,Axl,no_dataset
2306,Azgp1,no_dataset
2307,Azi2,no_dataset
2311,B3galt4,no_dataset
2313,B3galtl,no_dataset
2315,B3gnt4,no_dataset
2316,B3gnt6,no_dataset
2317,B3gnt7,no_dataset
2318,B3gnt9,no_dataset
2319,B3gntl1,no_dataset
2321,Baat,no_dataset
2324,Bach1,no_dataset
2326,Bai1,no_dataset
2327,Bambi,no_dataset
2328,Bard1,no_dataset
2329,Batf,no_dataset
2330,Batf2,no_dataset
2332,Bbip1,no_dataset
2333,Bbs2,no_dataset
2334,Bbs7,no_dataset
2335,Bbs9,no_dataset
2336,Bbx,no_dataset
2337,Bcam,no_dataset
2339,Bcap31,no_dataset
2343,Bckdha,no_dataset
2344,Bcl11b,no_dataset
2345,Bcl2,no_dataset
2346,Bcl2l10,no_dataset
2349,Bcl2l13,no_dataset
2350,Bcl2l2,no_dataset
2351,Bcl3,no_dataset
2352,Bcl6b,no_dataset
2354,Bco2,no_dataset
2356,Becn1,no_dataset
2359,Best1,no_dataset
2360,Bex4,no_dataset
2363,Bhmt2,no_dataset
2364,Bin1,no_dataset
2365,Blid,no_dataset
2366,Blvrb,no_dataset
2367,Blzf1,no_dataset
2368,Bmf,no_dataset
2369,Bmp2,no_dataset
2370,Bmp6,no_dataset
2372,Bmp8a,no_dataset
2373,Bmpr2,no_dataset
2376,Bola2,no_dataset
2377,Bola3,no_dataset
2378,Brap,no_dataset
2379,Brca1,no_dataset
2380,Bri3,no_dataset
2381,Brms1l,no_dataset
2382,Brox,no_dataset
2383,Brsk1,no_dataset
2385,Bsnd,no_dataset
2386,Bst2,no_dataset
2387,Btbd10,no_dataset
2388,Btbd16,no_dataset
2389,Btbd8,no_dataset
2390,Btbd9,no_dataset
2392,Btn3a2,no_dataset
2393,Bub1,no_dataset
2394,Bud31,no_dataset
2397,C10orf105,no_dataset
2398,C10orf107,no_dataset
2399,C10orf11,no_dataset
2400,C10orf128,no_dataset
2401,C10orf54,no_dataset
2402,C10orf90,no_dataset
2403,C11orf24,no_dataset
2404,C11orf49,no_dataset
2405,C11orf54,no_dataset
2406,C11orf65,no_dataset
2407,C11orf71,no_dataset
2408,C11orf84,no_dataset
2409,C11orf87,no_dataset
2410,C12orf39,no_dataset
2411,C12orf49,no_dataset
2412,C12orf54,no_dataset
2413,C12orf60,no_dataset
2414,C12orf66,no_dataset
2415,C12orf76,no_dataset
2416,C14orf23,no_dataset
2417,C14orf28,no_dataset
2418,C14orf80,no_dataset
2419,C15orf26,no_dataset
2420,C15orf39,no_dataset
2421,C15orf52,no_dataset
2422,C15orf59,no_dataset
2423,C16orf46,no_dataset
2424,C16orf59,no_dataset
2425,C16orf80,no_dataset
2426,C17orf105,no_dataset
2427,C17orf51,no_dataset
2428,C17orf72,no_dataset
2429,C17orf85,no_dataset
2430,C18orf32,no_dataset
2431,C18orf54,no_dataset
2432,C18orf56,no_dataset
2433,C19orf10,no_dataset
2434,C19orf18,no_dataset
2435,C19orf24,no_dataset
2436,C19orf38,no_dataset
2437,C19orf53,no_dataset
2438,C19orf54,no_dataset
2439,C19orf66,no_dataset
2440,C1d,no_dataset
2441,C1galt1,no_dataset
2443,C1qtnf1,no_dataset
2444,C1qtnf6,no_dataset
2445,C1rl,no_dataset
2446,C1orf109,no_dataset
2447,C1orf122,no_dataset
2448,C1orf127,no_dataset
2449,C1orf158,no_dataset
2450,C1orf170,no_dataset
2451,C1orf177,no_dataset
2452,C1orf198,no_dataset
2453,C1orf21,no_dataset
2454,C1orf229,no_dataset
2455,C1orf52,no_dataset
2456,C1orf54,no_dataset
2457,C1orf64,no_dataset
2458,C1orf85,no_dataset
2459,C1orf87,no_dataset
2460,C1orf94,no_dataset
2461,C1orf95,no_dataset
2462,C20orf26,no_dataset
2463,C20orf96,no_dataset
2464,C21orf33,no_dataset
2465,C21orf37,no_dataset
2466,C21orf58,no_dataset
2467,C21orf67,no_dataset
2468,C21orf91,no_dataset
2469,C22orf15,no_dataset
2470,C22orf34,no_dataset
2472,C2orf50,no_dataset
2473,C2orf72,no_dataset
2474,C2orf80,no_dataset
2475,C2orf82,no_dataset
2476,C2orf88,no_dataset
2477,C3ar1,no_dataset
2478,C3orf20,no_dataset
2479,C3orf55,no_dataset
2480,C4orf3,no_dataset
2481,C4orf48,no_dataset
2482,C4orf50,no_dataset
2483,C5orf22,no_dataset
2484,C5orf51,no_dataset
2485,C6orf89,no_dataset
2486,C7orf43,no_dataset
2487,C7orf49,no_dataset
2488,C7orf55,no_dataset
2489,C7orf61,no_dataset
2490,C8orf31,no_dataset
2491,C8orf4,no_dataset
2492,C8orf47,no_dataset
2493,C8orf82,no_dataset
2494,C9orf114,no_dataset
2495,C9orf116,no_dataset
2496,C9orf147,no_dataset
2497,C9orf163,no_dataset
2498,C9orf24,no_dataset
2499,C9orf85,no_dataset
2500,C9orf9,no_dataset
2501,C9orf91,no_dataset
2502,Ca12,no_dataset
2503,Ca14,no_dataset
2504,Ca2,no_dataset
2505,Cab39,no_dataset
2507,Cables1,no_dataset
2508,Cabp4,no_dataset
2510,Cacna1c,no_dataset
2515,Cacna2d4,no_dataset
2516,Cacnb1,no_dataset
2517,Cacng1,no_dataset
2520,Cadm4,no_dataset
2521,Calcoco2,no_dataset
2523,Calu,no_dataset
2526,Camk2n1,no_dataset
2528,Camta2,no_dataset
2529,Canx,no_dataset
2532,Capg,no_dataset
2533,Capn13,no_dataset
2534,Capn3,no_dataset
2535,Capn9,no_dataset
2536,Caps,no_dataset
2537,Capza1,no_dataset
2538,Card10,no_dataset
2539,Card11,no_dataset
2540,Card14,no_dataset
2542,Cars,no_dataset
2544,Casc3,no_dataset
2545,Caskin1,no_dataset
2546,Caskin2,no_dataset
2547,Casp10,no_dataset
2548,Casp4,no_dataset
2549,Casp7,no_dataset
2550,Casp8,no_dataset
2552,Cass4,no_dataset
2554,Casz1,no_dataset
2555,Cat,no_dataset
2556,Cav1,no_dataset
2557,Cbfa2t2,no_dataset
2559,Cbr1,no_dataset
2560,Cbr4,no_dataset
2561,Cbx3,no_dataset
2562,Ccbe1,no_dataset
2563,Ccdc102a,no_dataset
2564,Ccdc102b,no_dataset
2565,Ccdc104,no_dataset
2566,Ccdc108,no_dataset
2567,Ccdc113,no_dataset
2568,Ccdc115,no_dataset
2569,Ccdc120,no_dataset
2570,Ccdc121,no_dataset
2571,Ccdc122,no_dataset
2572,Ccdc13,no_dataset
2573,Ccdc14,no_dataset
2574,Ccdc146,no_dataset
2575,Ccdc150,no_dataset
2576,Ccdc152,no_dataset
2577,Ccdc25,no_dataset
2578,Ccdc34,no_dataset
2580,Ccdc39,no_dataset
2581,Ccdc40,no_dataset
2582,Ccdc43,no_dataset
2584,Ccdc74a,no_dataset
2585,Ccdc74b,no_dataset
2586,Ccdc78,no_dataset
2588,Ccdc85b,no_dataset
2589,Ccdc88a,no_dataset
2591,Ccdc9,no_dataset
2594,Ccdc96,no_dataset
2595,Ccl19,no_dataset
2596,Ccl2,no_dataset
2597,Ccm2,no_dataset
2598,Ccnb3,no_dataset
2599,Ccnd1,no_dataset
2600,Ccne2,no_dataset
2601,Ccny,no_dataset
2602,Ccpg1,no_dataset
2603,Ccr6,no_dataset
2604,Ccrl2,no_dataset
2605,Cct6b,no_dataset
2608,Cd19,no_dataset
2609,Cd209,no_dataset
2610,Cd22,no_dataset
2611,Cd248,no_dataset
2612,Cd274,no_dataset
2613,Cd300c,no_dataset
2614,Cd320,no_dataset
2616,Cd37,no_dataset
2617,Cd38,no_dataset
2618,Cd3e,no_dataset
2621,Cd46,no_dataset
2622,Cd52,no_dataset
2623,Cd55,no_dataset
2624,Cd58,no_dataset
2625,Cd59,no_dataset
2627,Cd7,no_dataset
2629,Cd82,no_dataset
2630,Cd8b,no_dataset
2633,Cd99l2,no_dataset
2634,Cdadc1,no_dataset
2635,Cdc14a,no_dataset
2636,Cdc14b,no_dataset
2637,Cdc16,no_dataset
2639,Cdc37,no_dataset
2640,Cdc40,no_dataset
2641,Cdc42,no_dataset
2643,Cdc42ep2,no_dataset
2644,Cdca3,no_dataset
2645,Cdh1,no_dataset
2648,Cdh19,no_dataset
2650,Cdh20,no_dataset
2654,Cdk2ap1,no_dataset
2655,Cdk3,no_dataset
2656,Cdk5r2,no_dataset
2657,Cdk5rap2,no_dataset
2658,Cdk6,no_dataset
2659,Cdkal1,no_dataset
2660,Cdkl2,no_dataset
2663,Cdkn1c,no_dataset
2664,Cdkn2a,no_dataset
2667,Cdnf,no_dataset
2668,Cdr1,no_dataset
2671,Cdt1,no_dataset
2672,Cdv3,no_dataset
2673,Cdx1,no_dataset
2674,Ceacam19,no_dataset
2675,Ceacam21,no_dataset
2677,Cebpb,no_dataset
2678,Cebpz,no_dataset
2679,Cecr1,no_dataset
2681,Cend1,no_dataset
2682,Cenpb,no_dataset
2683,Cenpe,no_dataset
2684,Cenpk,no_dataset
2685,Cenpn,no_dataset
2686,Cenpo,no_dataset
2687,Cenpq,no_dataset
2688,Cep63,no_dataset
2689,Cep70,no_dataset
2690,Cep97,no_dataset
2691,Cercam,no_dataset
2692,Ces1,no_dataset
2693,Cetn3,no_dataset
2694,Cetp,no_dataset
2695,Cfh,no_dataset
2696,Cfi,no_dataset
2697,Cfl1,no_dataset
2698,Cfl2,no_dataset
2699,Cftr,no_dataset
2701,Ch25h,no_dataset
2702,Chac1,no_dataset
2703,Chadl,no_dataset
2704,Chchd10,no_dataset
2705,Chd1l,no_dataset
2707,Chek1,no_dataset
2708,Chek2,no_dataset
2710,Chi3l1,no_dataset
2711,Chi3l2,no_dataset
2712,Chic1,no_dataset
2713,Chka,no_dataset
2716,Chmp2a,no_dataset
2717,Chmp2b,no_dataset
2718,Chmp4a,no_dataset
2719,Chmp4c,no_dataset
2720,Chordc1,no_dataset
2721,Chrac1,no_dataset
2722,Chrfam7a,no_dataset
2730,Chst13,no_dataset
2732,Chst3,no_dataset
2733,Chsy3,no_dataset
2735,Cib1,no_dataset
2737,Ciita,no_dataset
2738,Cilp,no_dataset
2739,Cilp2,no_dataset
2740,Cir1,no_dataset
2743,Ckmt2,no_dataset
2744,Clca4,no_dataset
2745,Clcc1,no_dataset
2746,Clcn3,no_dataset
2747,Clcn4,no_dataset
2748,Clcn6,no_dataset
2750,Cldn15,no_dataset
2751,Cldn23,no_dataset
2753,Cldn6,no_dataset
2754,Cldnd1,no_dataset
2755,Clec12a,no_dataset
2756,Clec14a,no_dataset
2757,Clec2l,no_dataset
2758,Clec3b,no_dataset
2759,Clic3,no_dataset
2762,Clint1,no_dataset
2766,Cln5,no_dataset
2767,Cln8,no_dataset
2768,Clpb,no_dataset
2770,Cluap1,no_dataset
2771,Cmas,no_dataset
2772,Cmpk2,no_dataset
2775,Cmtm5,no_dataset
2776,Cmya5,no_dataset
2777,Cndp1,no_dataset
2778,Cndp2,no_dataset
2779,Cnfn,no_dataset
2780,Cnga1,no_dataset
2781,Cngb1,no_dataset
2783,Cnn2,no_dataset
2785,Cnot4,no_dataset
2787,Cnpy2,no_dataset
2788,Cntn2,no_dataset
2790,Cntrob,no_dataset
2791,Cobl,no_dataset
2792,Cobll1,no_dataset
2794,Cog3,no_dataset
2795,Col10a1,no_dataset
2799,Col17a1,no_dataset
2800,Col1a1,no_dataset
2801,Col1a2,no_dataset
2802,Col20a1,no_dataset
2804,Col4a3,no_dataset
2805,Col4a3bp,no_dataset
2806,Col4a4,no_dataset
2811,Colec12,no_dataset
2812,Comt,no_dataset
2815,Cope,no_dataset
2816,Cops2,no_dataset
2817,Copz1,no_dataset
2821,Coro7,no_dataset
2824,Cox11,no_dataset
2825,Cox4i2,no_dataset
2826,Cox5b,no_dataset
2827,Cox6a1,no_dataset
2828,Cpd,no_dataset
2831,Cpm,no_dataset
2833,Cpne4,no_dataset
2836,Cpox,no_dataset
2837,Cpped1,no_dataset
2838,Cpsf2,no_dataset
2839,Cpsf3,no_dataset
2841,Cpt2,no_dataset
2842,Cpxm2,no_dataset
2843,Cr1,no_dataset
2845,Crb3,no_dataset
2846,Crbn,no_dataset
2847,Creb3l2,no_dataset
2848,Creb5,no_dataset
2849,Crebl2,no_dataset
2851,Crem,no_dataset
2854,Crip1,no_dataset
2855,Cript,no_dataset
2858,Crtap,no_dataset
2860,Cryba2,no_dataset
2861,Crybb2,no_dataset
2862,Crybg3,no_dataset
2863,Crygd,no_dataset
2864,Cryl1,no_dataset
2865,Cryz,no_dataset
2866,Csag1,no_dataset
2867,Csde1,no_dataset
2868,Csf3r,no_dataset
2869,Csgalnact1,no_dataset
2870,Csmd3,no_dataset
2871,Csnk2a2,no_dataset
2872,Cspg4,no_dataset
2874,Csrnp3,no_dataset
2876,Csrp2,no_dataset
2877,Cst7,no_dataset
2879,Ctnna1,no_dataset
2881,Ctnna3,no_dataset
2883,Ctnnd2,no_dataset
2884,Ctns,no_dataset
2885,Ctsa,no_dataset
2886,Ctsc,no_dataset
2887,Ctso,no_dataset
2889,Cttnbp2,no_dataset
2890,Cttnbp2nl,no_dataset
2891,Ctxn3,no_dataset
2892,Cuedc1,no_dataset
2893,Cul5,no_dataset
2894,Cuta,no_dataset
2897,Cxadr,no_dataset
2898,Cxcl1,no_dataset
2901,Cxcl16,no_dataset
2902,Cxcl2,no_dataset
2903,Cxcl3,no_dataset
2904,Cxcr4,no_dataset
2905,Cxorf36,no_dataset
2907,Cyb561d1,no_dataset
2908,Cyb561d2,no_dataset
2909,Cyb5b,no_dataset
2910,Cyb5d2,no_dataset
2911,Cyb5r2,no_dataset
2912,Cyba,no_dataset
2913,Cybrd1,no_dataset
2914,Cycs,no_dataset
2916,Cyp11a1,no_dataset
2917,Cyp19a1,no_dataset
2918,Cyp1b1,no_dataset
2919,Cyp20a1,no_dataset
2921,Cyp27b1,no_dataset
2922,Cyp27c1,no_dataset
2923,Cyp2j2,no_dataset
2924,Cyp2s1,no_dataset
2925,Cyp3a43,no_dataset
2926,Cyp4f2,no_dataset
2929,Cysltr2,no_dataset
2931,Cyth1,no_dataset
2932,Cyyr1,no_dataset
2936,Dact3,no_dataset
2939,Dap,no_dataset
2941,Dapk2,no_dataset
2942,Dapl1,no_dataset
2943,Dapp1,no_dataset
2944,Dazap2,no_dataset
2945,Dbf4b,no_dataset
2948,Dbx2,no_dataset
2949,Dcaf12l2,no_dataset
2950,Dcaf13,no_dataset
2951,Dchs2,no_dataset
2953,Dcp1b,no_dataset
2954,Dct,no_dataset
2955,Dctn1,no_dataset
2956,Dctn4,no_dataset
2957,Dctn5,no_dataset
2958,Dcun1d1,no_dataset
2959,Dcx,no_dataset
2960,Dda1,no_dataset
2961,Ddah1,no_dataset
2962,Ddb1,no_dataset
2966,Ddo,no_dataset
2968,Ddx24,no_dataset
2970,Ddx58,no_dataset
2971,Ddx60l,no_dataset
2973,Def6,no_dataset
2974,Dennd1b,no_dataset
2975,Dennd2d,no_dataset
2976,Dennd3,no_dataset
2977,Dennd4b,no_dataset
2980,Dera,no_dataset
2983,Dfnb31,no_dataset
2985,Dgcr2,no_dataset
2987,Dhcr7,no_dataset
2988,Dhfrl1,no_dataset
2989,Dhh,no_dataset
2990,Dhodh,no_dataset
2992,Dhrs4,no_dataset
2993,Dhrsx,no_dataset
2994,Dhx34,no_dataset
2995,Dhx37,no_dataset
2996,Dhx58,no_dataset
2997,Diablo,no_dataset
2998,Dimt1,no_dataset
2999,Dio2,no_dataset
3000,Dip2b,no_dataset
3002,Diras3,no_dataset
3004,Disc1,no_dataset
3006,Dlc1,no_dataset
3007,Dlgap3,no_dataset
3008,Dlgap4,no_dataset
3009,Dlk2,no_dataset
3010,Dll1,no_dataset
3012,Dlx4,no_dataset
3013,Dlx6,no_dataset
3014,Dmbt1,no_dataset
3015,Dmd,no_dataset
3016,Dmkn,no_dataset
3017,Dmrt2,no_dataset
3018,Dmrta1,no_dataset
3020,Dnah17,no_dataset
3021,Dnah6,no_dataset
3022,Dnah7,no_dataset
3023,Dnai1,no_dataset
3025,Dnajb11,no_dataset
3026,Dnajb13,no_dataset
3027,Dnajb4,no_dataset
3028,Dnajb6,no_dataset
3029,Dnajc10,no_dataset
3030,Dnajc11,no_dataset
3031,Dnajc14,no_dataset
3032,Dnajc15,no_dataset
3033,Dnajc18,no_dataset
3034,Dnajc21,no_dataset
3035,Dnajc22,no_dataset
3036,Dnajc3,no_dataset
3037,Dnajc5,no_dataset
3038,Dnali1,no_dataset
3039,Dnase2b,no_dataset
3041,Dnhd1,no_dataset
3042,Dnm2,no_dataset
3043,Dock1,no_dataset
3045,Dock11,no_dataset
3046,Dock5,no_dataset
3048,Dohh,no_dataset
3049,Dok3,no_dataset
3051,Dolpp1,no_dataset
3052,Dpep3,no_dataset
3053,Dph3,no_dataset
3055,Dpp7,no_dataset
3056,Dpp8,no_dataset
3057,Dpy19l4,no_dataset
3058,Dpy30,no_dataset
3059,Dpyd,no_dataset
3060,Dpys,no_dataset
3061,Dpysl2,no_dataset
3063,Dqx1,no_dataset
3064,Dram1,no_dataset
3067,Drd5,no_dataset
3068,Dsc2,no_dataset
3069,Dscam,no_dataset
3071,Dscr3,no_dataset
3072,Dse,no_dataset
3074,Dst,no_dataset
3075,Dtx2,no_dataset
3076,Dtx3l,no_dataset
3077,Dus3l,no_dataset
3079,Dusp15,no_dataset
3081,Dusp19,no_dataset
3082,Dusp22,no_dataset
3084,Dusp7,no_dataset
3085,Dut,no_dataset
3086,Dym,no_dataset
3087,Dync1i2,no_dataset
3088,Dync1li2,no_dataset
3089,Dync2li1,no_dataset
3090,Dynll2,no_dataset
3092,Dyrk4,no_dataset
3093,Dysf,no_dataset
3095,E2f3,no_dataset
3096,E2f7,no_dataset
3097,Eaf1,no_dataset
3100,Ecd,no_dataset
3101,Ece1,no_dataset
3103,Eda,no_dataset
3104,Edem1,no_dataset
3105,Edil3,no_dataset
3106,Edn3,no_dataset
3107,Ednra,no_dataset
3109,Efcab11,no_dataset
3110,Efcab2,no_dataset
3111,Efhb,no_dataset
3112,Efhc1,no_dataset
3113,Efhd1,no_dataset
3115,Efna4,no_dataset
3118,Efs,no_dataset
3119,Eftud1,no_dataset
3120,Eftud2,no_dataset
3121,Egfl7,no_dataset
3122,Egfr,no_dataset
3123,Egln3,no_dataset
3125,Ehf,no_dataset
3126,Ehhadh,no_dataset
3128,Eif2ak1,no_dataset
3130,Eif3a,no_dataset
3131,Eif4a1,no_dataset
3132,Eif4g3,no_dataset
3133,Eif5,no_dataset
3135,Eif5al1,no_dataset
3136,Eif5b,no_dataset
3137,Elac2,no_dataset
3138,Elane,no_dataset
3139,Elf1,no_dataset
3140,Elf4,no_dataset
3143,Elmod2,no_dataset
3144,Elof1,no_dataset
3148,Elovl7,no_dataset
3149,Elp2,no_dataset
3150,Elp3,no_dataset
3151,Eltd1,no_dataset
3153,Emc3,no_dataset
3154,Emcn,no_dataset
3155,Emg1,no_dataset
3156,Emilin2,no_dataset
3158,Eml2,no_dataset
3159,Emp2,no_dataset
3160,Emr2,no_dataset
3161,Emx2,no_dataset
3163,Enah,no_dataset
3165,Eng,no_dataset
3166,Engase,no_dataset
3167,Enkur,no_dataset
3168,Enosf1,no_dataset
3169,Enox1,no_dataset
3171,Enpp4,no_dataset
3172,Enpp5,no_dataset
3176,Entpd5,no_dataset
3177,Eny2,no_dataset
3178,Ep400nl,no_dataset
3179,Epas1,no_dataset
3180,Epb41l1,no_dataset
3181,Epb41l2,no_dataset
3182,Epb41l3,no_dataset
3183,Epb41l4a,no_dataset
3184,Ephb2,no_dataset
3186,Ephx1,no_dataset
3187,Epm2a,no_dataset
3191,Epsti1,no_dataset
3192,Erap2,no_dataset
3193,Eras,no_dataset
3194,Erbb2ip,no_dataset
3195,Erbb3,no_dataset
3196,Ercc2,no_dataset
3198,Erg,no_dataset
3199,Eri2,no_dataset
3200,Ermap,no_dataset
3201,Ermn,no_dataset
3202,Ermp1,no_dataset
3204,Ero1l,no_dataset
3205,Esam,no_dataset
3208,Esrrb,no_dataset
3210,Esyt2,no_dataset
3211,Etf1,no_dataset
3213,Etfb,no_dataset
3214,Etfdh,no_dataset
3215,Ethe1,no_dataset
3217,Ets2,no_dataset
3219,Etv7,no_dataset
3220,Evi2a,no_dataset
3221,Evi2b,no_dataset
3223,Evi5l,no_dataset
3224,Evpl,no_dataset
3225,Exd2,no_dataset
3226,Exoc2,no_dataset
3227,Exoc3,no_dataset
3228,Exoc5,no_dataset
3229,Exoc6b,no_dataset
3230,Exoc8,no_dataset
3231,Ext1,no_dataset
3236,F11,no_dataset
3237,F2rl2,no_dataset
3238,F2rl3,no_dataset
3239,F7,no_dataset
3241,Fabp6,no_dataset
3242,Fads2,no_dataset
3243,Faf1,no_dataset
3244,Fam102a,no_dataset
3246,Fam109b,no_dataset
3247,Fam110a,no_dataset
3248,Fam111a,no_dataset
3249,Fam114a1,no_dataset
3250,Fam115a,no_dataset
3251,Fam118b,no_dataset
3252,Fam120aos,no_dataset
3254,Fam122c,no_dataset
3256,Fam127a,no_dataset
3257,Fam127b,no_dataset
3258,Fam129b,no_dataset
3259,Fam133a,no_dataset
3260,Fam134a,no_dataset
3264,Fam13c,no_dataset
3265,Fam160b2,no_dataset
3266,Fam161a,no_dataset
3267,Fam162a,no_dataset
3268,Fam169a,no_dataset
3270,Fam173b,no_dataset
3271,Fam175b,no_dataset
3272,Fam177a1,no_dataset
3273,Fam178b,no_dataset
3274,Fam179a,no_dataset
3275,Fam179b,no_dataset
3277,Fam186b,no_dataset
3278,Fam188b,no_dataset
3282,Fam19a5,no_dataset
3283,Fam204a,no_dataset
3286,Fam3a,no_dataset
3287,Fam43b,no_dataset
3288,Fam45a,no_dataset
3290,Fam49b,no_dataset
3291,Fam53b,no_dataset
3292,Fam63a,no_dataset
3294,Fam69a,no_dataset
3296,Fam78a,no_dataset
3298,Fam83d,no_dataset
3300,Fam86a,no_dataset
3301,Fam86b1,no_dataset
3302,Fam96a,no_dataset
3303,Fancf,no_dataset
3304,Fank1,no_dataset
3305,Fap,no_dataset
3307,Fas,no_dataset
3308,Fastk,no_dataset
3309,Fastkd1,no_dataset
3311,Fblim1,no_dataset
3313,Fbln5,no_dataset
3314,Fbn1,no_dataset
3316,Fbn3,no_dataset
3317,Fbrsl1,no_dataset
3318,Fbxl14,no_dataset
3319,Fbxl17,no_dataset
3320,Fbxl19,no_dataset
3321,Fbxl2,no_dataset
3322,Fbxl7,no_dataset
3323,Fbxo10,no_dataset
3324,Fbxo15,no_dataset
3325,Fbxo32,no_dataset
3326,Fbxo33,no_dataset
3327,Fbxo36,no_dataset
3328,Fbxo7,no_dataset
3329,Fcer2,no_dataset
3330,Fcgrt,no_dataset
3331,Fcho1,no_dataset
3332,Fchsd1,no_dataset
3333,Fchsd2,no_dataset
3334,Fcrla,no_dataset
3335,Fdx1,no_dataset
3336,Fdx1l,no_dataset
3337,Fech,no_dataset
3338,Fermt1,no_dataset
3339,Fev,no_dataset
3340,Fez1,no_dataset
3341,Fgd1,no_dataset
3342,Fgd4,no_dataset
3347,Fgf7,no_dataset
3350,Fgr,no_dataset
3352,Fhit,no_dataset
3353,Fig4,no_dataset
3356,Fitm1,no_dataset
3358,Fkbp2,no_dataset
3359,Fkbp4,no_dataset
3360,Fkbp5,no_dataset
3361,Fkbp8,no_dataset
3362,Fkbp9,no_dataset
3363,Fkrp,no_dataset
3364,Fli1,no_dataset
3365,Flnb,no_dataset
3366,Flnc,no_dataset
3367,Flrt1,no_dataset
3370,Fmn1,no_dataset
3371,Fmnl2,no_dataset
3372,Fmo2,no_dataset
3373,Fmo4,no_dataset
3374,Fmod,no_dataset
3376,Fndc3a,no_dataset
3378,Fnip1,no_dataset
3380,Fntb,no_dataset
3381,Folh1,no_dataset
3382,Folr1,no_dataset
3384,Fosb,no_dataset
3385,Foxc1,no_dataset
3386,Foxc2,no_dataset
3387,Foxd4l4,no_dataset
3388,Foxf1,no_dataset
3389,Foxl1,no_dataset
3390,Foxl2,no_dataset
3392,Foxo4,no_dataset
3395,Foxq1,no_dataset
3396,Foxs1,no_dataset
3397,Fpr1,no_dataset
3399,Frk,no_dataset
3400,Frmd4a,no_dataset
3401,Frmd4b,no_dataset
3402,Frmd5,no_dataset
3403,Frmd8,no_dataset
3406,Frs2,no_dataset
3410,Fscn2,no_dataset
3412,Fstl3,no_dataset
3414,Ftcd,no_dataset
3415,Ftl,no_dataset
3416,Fto,no_dataset
3417,Fuca2,no_dataset
3418,Fundc1,no_dataset
3419,Fxr1,no_dataset
3420,Fxyd4,no_dataset
3422,Fyco1,no_dataset
3423,Fzd2,no_dataset
3428,G0s2,no_dataset
3430,Gab1,no_dataset
3431,Gab2,no_dataset
3432,Gabpa,no_dataset
3437,Gadd45a,no_dataset
3440,Gal3st1,no_dataset
3441,Galc,no_dataset
3442,Galk2,no_dataset
3444,Galnt1,no_dataset
3445,Galnt11,no_dataset
3447,Galnt2,no_dataset
3451,Galr3,no_dataset
3452,Galt,no_dataset
3453,Gamt,no_dataset
3454,Ganab,no_dataset
3455,Gapdh,no_dataset
3456,Gapt,no_dataset
3457,Gapvd1,no_dataset
3458,Gars,no_dataset
3459,Gart,no_dataset
3460,Gas2,no_dataset
3463,Gatad2a,no_dataset
3465,Gbp2,no_dataset
3466,Gbp3,no_dataset
3467,Gbp4,no_dataset
3470,Gcc2,no_dataset
3471,Gclc,no_dataset
3472,Gclm,no_dataset
3473,Gcsh,no_dataset
3475,Gdi1,no_dataset
3477,Gemin7,no_dataset
3480,Ggps1,no_dataset
3481,Ggt1,no_dataset
3482,Ggt5,no_dataset
3483,Ghrhr,no_dataset
3484,Gimap1,no_dataset
3485,Gimap4,no_dataset
3486,Gimap5,no_dataset
3487,Gimap6,no_dataset
3488,Gimap7,no_dataset
3489,Gimap8,no_dataset
3490,Gins4,no_dataset
3492,Gipr,no_dataset
3493,Gja4,no_dataset
3494,Gja9,no_dataset
3495,Gjb1,no_dataset
3496,Gjb3,no_dataset
3498,Gjc2,no_dataset
3499,Glb1l2,no_dataset
3500,Gldn,no_dataset
3503,Glipr1l2,no_dataset
3504,Glis3,no_dataset
3507,Glrx2,no_dataset
3508,Glrx3,no_dataset
3511,Gltp,no_dataset
3512,Gltpd1,no_dataset
3514,Glud2,no_dataset
3518,Gmpr2,no_dataset
3519,Gna14,no_dataset
3526,Gng5,no_dataset
3527,Gngt2,no_dataset
3528,Gnl2,no_dataset
3529,Gnl3,no_dataset
3530,Gnptg,no_dataset
3531,Gnrh2,no_dataset
3532,Golga1,no_dataset
3533,Golga5,no_dataset
3534,Golga7,no_dataset
3535,Golim4,no_dataset
3536,Golph3,no_dataset
3537,Gon4l,no_dataset
3538,Gp1ba,no_dataset
3539,Gpat2,no_dataset
3540,Gpatch2,no_dataset
3541,Gpbp1l1,no_dataset
3546,Gpr111,no_dataset
3547,Gpr114,no_dataset
3553,Gpr132,no_dataset
3555,Gpr137b,no_dataset
3556,Gpr143,no_dataset
3557,Gpr149,no_dataset
3558,Gpr150,no_dataset
3560,Gpr157,no_dataset
3563,Gpr180,no_dataset
3564,Gpr20,no_dataset
3570,Gpr62,no_dataset
3571,Gpr63,no_dataset
3572,Gpr78,no_dataset
3576,Gpsm2,no_dataset
3577,Gpsm3,no_dataset
3579,Gpx8,no_dataset
3580,Gramd2,no_dataset
3582,Grap,no_dataset
3583,Grasp,no_dataset
3585,Grem1,no_dataset
3587,Grhl2,no_dataset
3588,Grhpr,no_dataset
3597,Grm7,no_dataset
3599,Grpel1,no_dataset
3600,Gsdmd,no_dataset
3602,Gsk3a,no_dataset
3604,Gstcd,no_dataset
3606,Gsto2,no_dataset
3607,Gstt1,no_dataset
3608,Gstt2,no_dataset
3609,Gstz1,no_dataset
3610,Gsx2,no_dataset
3612,Gtf2ird1,no_dataset
3613,Gtpbp10,no_dataset
3614,Gtpbp3,no_dataset
3615,Gucy1a2,no_dataset
3618,Gulp1,no_dataset
3620,Gypc,no_dataset
3621,Gzma,no_dataset
3622,Gzmb,no_dataset
3623,H2afx,no_dataset
3624,H6pd,no_dataset
3625,Haao,no_dataset
3626,Habp2,no_dataset
3627,Habp4,no_dataset
3630,Hapln2,no_dataset
3632,Harbi1,no_dataset
3634,Has1,no_dataset
3635,Hba1,no_dataset
3636,Hba2,no_dataset
3637,Hbs1l,no_dataset
3638,Hcar1,no_dataset
3639,Hcfc1r1,no_dataset
3640,Hcfc2,no_dataset
3641,Hcn3,no_dataset
3642,Hcn4,no_dataset
3643,Hdac1,no_dataset
3644,Hdac11,no_dataset
3645,Hdac4,no_dataset
3646,Hddc3,no_dataset
3649,Heatr1,no_dataset
3650,Heatr5a,no_dataset
3653,Heca,no_dataset
3656,Heph,no_dataset
3657,Herc5,no_dataset
3658,Herc6,no_dataset
3659,Herpud1,no_dataset
3661,Hes4,no_dataset
3663,Hey2,no_dataset
3664,Heyl,no_dataset
3666,Hhat,no_dataset
3667,Hhatl,no_dataset
3668,Hhex,no_dataset
3670,Hiat1,no_dataset
3672,Hibadh,no_dataset
3673,Hic1,no_dataset
3674,Hic2,no_dataset
3675,Hif3a,no_dataset
3676,Higd1b,no_dataset
3677,Higd2a,no_dataset
3678,Hint2,no_dataset
3680,Hip1r,no_dataset
3682,Hist1h2ac,no_dataset
3683,Hist4h4,no_dataset
3684,Hla-b,no_dataset
3685,Hla-c,no_dataset
3686,Hla-dob,no_dataset
3687,Hla-e,no_dataset
3688,Hla-g,no_dataset
3689,Hlcs,no_dataset
3691,Hm13,no_dataset
3692,Hmbs,no_dataset
3693,Hmcn1,no_dataset
3694,Hmg20b,no_dataset
3695,Hmga2,no_dataset
3696,Hmgb1,no_dataset
3697,Hmgb2,no_dataset
3698,Hmgb3,no_dataset
3699,Hmgcl,no_dataset
3700,Hmgxb3,no_dataset
3701,Hmmr,no_dataset
3702,Hmox1,no_dataset
3703,Hmsd,no_dataset
3704,Hmx1,no_dataset
3705,Hn1l,no_dataset
3707,Hnrnpf,no_dataset
3708,Homez,no_dataset
3709,Hoxd1,no_dataset
3710,Hp1bp3,no_dataset
3711,Hpgd,no_dataset
3712,Hpn,no_dataset
3713,Hpr,no_dataset
3714,Hps1,no_dataset
3715,Hpse2,no_dataset
3716,Hrasls,no_dataset
3717,Hrc,no_dataset
3719,Hrh4,no_dataset
3720,Hrsp12,no_dataset
3721,Hs3st3a1,no_dataset
3722,Hs3st5,no_dataset
3728,Hsd17b12,no_dataset
3729,Hsd17b3,no_dataset
3730,Hsd17b4,no_dataset
3731,Hsd17b7,no_dataset
3733,Hsh2d,no_dataset
3734,Hsp90ab1,no_dataset
3737,Hspa12b,no_dataset
3738,Hspa13,no_dataset
3739,Hspa1a,no_dataset
3740,Hspa2,no_dataset
3741,Hspa4,no_dataset
3743,Hspa9,no_dataset
3745,Hspb2,no_dataset
3749,Hspd1,no_dataset
3750,Hspe1,no_dataset
3751,Hsph1,no_dataset
3752,Htatip2,no_dataset
3753,Htr2a,no_dataset
3755,Htr6,no_dataset
3756,Htr7,no_dataset
3757,Htra1,no_dataset
3758,Htra3,no_dataset
3759,Hvcn1,no_dataset
3760,Hyal2,no_dataset
3761,Hyal3,no_dataset
3762,Hyou1,no_dataset
3763,Icam1,no_dataset
3764,Icam2,no_dataset
3765,Ick,no_dataset
3766,Icoslg,no_dataset
3767,Id1,no_dataset
3769,Idh2,no_dataset
3770,Idh3a,no_dataset
3772,Ier5l,no_dataset
3773,Ifi27,no_dataset
3774,Ifi35,no_dataset
3775,Ifi44,no_dataset
3776,Ifi44l,no_dataset
3777,Ifih1,no_dataset
3780,Ifitm1,no_dataset
3781,Ifitm2,no_dataset
3782,Ifitm3,no_dataset
3783,Ifna1,no_dataset
3785,Ifnar2,no_dataset
3786,Ifngr1,no_dataset
3787,Ift57,no_dataset
3788,Ift80,no_dataset
3789,Ift88,no_dataset
3790,Igf1,no_dataset
3792,Igfals,no_dataset
3793,Igfbp2,no_dataset
3794,Igfbp7,no_dataset
3795,Igfl2,no_dataset
3797,Igsf1,no_dataset
3801,Igsf9,no_dataset
3802,Ikbke,no_dataset
3803,Ikzf2,no_dataset
3805,Il10rb,no_dataset
3806,Il12a,no_dataset
3808,Il15ra,no_dataset
3810,Il17rel,no_dataset
3811,Il18r1,no_dataset
3813,Il1rapl1,no_dataset
3814,Il21r,no_dataset
3815,Il2rb,no_dataset
3816,Il32,no_dataset
3817,Il4i1,no_dataset
3818,Il6r,no_dataset
3819,Il6st,no_dataset
3820,Il7r,no_dataset
3821,Il9r,no_dataset
3822,Ilvbl,no_dataset
3823,Imp4,no_dataset
3825,Impa2,no_dataset
3827,Impdh1,no_dataset
3830,Inca1,no_dataset
3831,Inf2,no_dataset
3834,Ino80b,no_dataset
3835,Ino80d,no_dataset
3839,Inpp5d,no_dataset
3840,Inpp5f,no_dataset
3841,Inpp5k,no_dataset
3842,Inppl1,no_dataset
3843,Insm2,no_dataset
3844,Ints1,no_dataset
3845,Ints12,no_dataset
3846,Ints5,no_dataset
3847,Ints7,no_dataset
3848,Ints9,no_dataset
3849,Ip6k3,no_dataset
3850,Ipo11,no_dataset
3851,Ipo13,no_dataset
3852,Ipo7,no_dataset
3853,Iqca1,no_dataset
3854,Iqcd,no_dataset
3855,Iqce,no_dataset
3856,Iqcg,no_dataset
3857,Iqch,no_dataset
3858,Iqgap1,no_dataset
3859,Iqgap3,no_dataset
3860,Iqsec2,no_dataset
3861,Irak3,no_dataset
3862,Irak4,no_dataset
3863,Irf8,no_dataset
3865,Irx3,no_dataset
3866,Isca1,no_dataset
3867,Isg15,no_dataset
3868,Isg20,no_dataset
3869,Islr,no_dataset
3871,Isoc2,no_dataset
3872,Ist1,no_dataset
3874,Itch,no_dataset
3875,Itfg3,no_dataset
3876,Itga1,no_dataset
3877,Itga2,no_dataset
3879,Itga6,no_dataset
3880,Itga9,no_dataset
3881,Itgal,no_dataset
3883,Itgb3,no_dataset
3884,Itgb7,no_dataset
3887,Itih5,no_dataset
3890,Itpa,no_dataset
3893,Itpr2,no_dataset
3895,Itprip,no_dataset
3896,Itpripl2,no_dataset
3897,Itsn2,no_dataset
3899,Jag1,no_dataset
3900,Jakmip1,no_dataset
3901,Jakmip3,no_dataset
3903,Jam3,no_dataset
3905,Jmy,no_dataset
3906,Josd2,no_dataset
3907,Jph2,no_dataset
3909,Kal1,no_dataset
3910,Kank3,no_dataset
3912,Katnal1,no_dataset
3913,Katnal2,no_dataset
3914,Kazald1,no_dataset
3915,Kcmf1,no_dataset
3917,Kcna4,no_dataset
3922,Kcnd1,no_dataset
3923,Kcne1,no_dataset
3928,Kcnh4,no_dataset
3929,Kcnh5,no_dataset
3930,Kcnh6,no_dataset
3932,Kcnip2,no_dataset
3933,Kcnj10,no_dataset
3937,Kcnk15,no_dataset
3939,Kcnk5,no_dataset
3940,Kcnk7,no_dataset
3941,Kcnma1,no_dataset
3942,Kcnn1,no_dataset
3943,Kcnn3,no_dataset
3948,Kctd10,no_dataset
3949,Kctd14,no_dataset
3952,Kctd21,no_dataset
3953,Kctd7,no_dataset
3956,Kdelr2,no_dataset
3958,Kdsr,no_dataset
3959,Keap1,no_dataset
3960,Kel,no_dataset
3961,Khdrbs2,no_dataset
3962,Kiaa0101,no_dataset
3963,Kiaa0196,no_dataset
3964,Kiaa0319l,no_dataset
3965,Kiaa0368,no_dataset
3966,Kiaa0408,no_dataset
3967,Kiaa0430,no_dataset
3968,Kiaa0556,no_dataset
3969,Kiaa0922,no_dataset
3970,Kiaa1033,no_dataset
3971,Kiaa1109,no_dataset
3972,Kiaa1143,no_dataset
3973,Kiaa1217,no_dataset
3974,Kiaa1324,no_dataset
3975,Kiaa1324l,no_dataset
3976,Kiaa1377,no_dataset
3977,Kiaa1407,no_dataset
3978,Kiaa1462,no_dataset
3979,Kiaa1522,no_dataset
3980,Kiaa1598,no_dataset
3981,Kiaa1671,no_dataset
3982,Kiaa1755,no_dataset
3983,Kiaa1841,no_dataset
3984,Kiaa1958,no_dataset
3985,Kiaa2013,no_dataset
3986,Kif11,no_dataset
3987,Kif13b,no_dataset
3988,Kif17,no_dataset
3989,Kif19,no_dataset
3990,Kif1c,no_dataset
3991,Kif21a,no_dataset
3992,Kif24,no_dataset
3993,Kif26a,no_dataset
3994,Kif2a,no_dataset
3995,Kif3c,no_dataset
3997,Kif6,no_dataset
3998,Kif9,no_dataset
4000,Kirrel,no_dataset
4001,Kirrel2,no_dataset
4003,Kitlg,no_dataset
4004,Klb,no_dataset
4005,Klf1,no_dataset
4006,Klf15,no_dataset
4007,Klf2,no_dataset
4008,Klf3,no_dataset
4009,Klf4,no_dataset
4010,Klf5,no_dataset
4011,Klhl13,no_dataset
4012,Klhl21,no_dataset
4013,Klhl25,no_dataset
4014,Klhl32,no_dataset
4016,Klhl6,no_dataset
4018,Klk14,no_dataset
4020,Klrc2,no_dataset
4021,Klrc3,no_dataset
4022,Klrc4,no_dataset
4023,Klrk1,no_dataset
4024,Kmo,no_dataset
4026,Kpna3,no_dataset
4028,Kremen1,no_dataset
4030,Krt7,no_dataset
4031,Krt81,no_dataset
4032,Krtap5-1,no_dataset
4033,Krtap5-9,no_dataset
4034,Krtcap2,no_dataset
4035,Ktn1,no_dataset
4036,Kynu,no_dataset
4037,Lace1,no_dataset
4038,Lactb,no_dataset
4039,Lactb2,no_dataset
4040,Lama1,no_dataset
4041,Lama2,no_dataset
4042,Lama3,no_dataset
4043,Lama4,no_dataset
4044,Lamc3,no_dataset
4045,Lamp1,no_dataset
4046,Lamp2,no_dataset
4048,Lap3,no_dataset
4049,Laptm4a,no_dataset
4051,Larp6,no_dataset
4052,Lars2,no_dataset
4053,Lasp1,no_dataset
4055,Lbh,no_dataset
4056,Lbr,no_dataset
4057,Lca5,no_dataset
4058,Lcnl1,no_dataset
4059,Lcp2,no_dataset
4060,Lctl,no_dataset
4063,Ldhal6a,no_dataset
4064,Ldhb,no_dataset
4066,Lect1,no_dataset
4068,Lenep,no_dataset
4070,Leprel1,no_dataset
4074,Lgals3bp,no_dataset
4075,Lgals8,no_dataset
4076,Lgals9,no_dataset
4081,Lhfpl5,no_dataset
4086,Lias,no_dataset
4088,Lig4,no_dataset
4089,Lilra1,no_dataset
4090,Lilra6,no_dataset
4092,Limd1,no_dataset
4093,Limd2,no_dataset
4094,Lime1,no_dataset
4096,Lims1,no_dataset
4098,Lims3,no_dataset
4099,Lin28b,no_dataset
4100,Lingo3,no_dataset
4102,Lipe,no_dataset
4103,Litaf,no_dataset
4106,Lmbr1,no_dataset
4107,Lmln,no_dataset
4110,Lmo7,no_dataset
4111,Lmod1,no_dataset
4112,Lnx1,no_dataset
4113,Loh12cr1,no_dataset
4114,Loh12cr2,no_dataset
4115,Lonp2,no_dataset
4118,Lpcat2,no_dataset
4119,Lpgat1,no_dataset
4121,Lpin3,no_dataset
4122,Lpo,no_dataset
4123,Lpxn,no_dataset
4124,Lrch4,no_dataset
4125,Lrfn5,no_dataset
4126,Lrig3,no_dataset
4127,Lrp10,no_dataset
4128,Lrp11,no_dataset
4129,Lrp2,no_dataset
4130,Lrp3,no_dataset
4132,Lrp5l,no_dataset
4133,Lrpap1,no_dataset
4135,Lrrc20,no_dataset
4136,Lrrc32,no_dataset
4137,Lrrc34,no_dataset
4138,Lrrc39,no_dataset
4139,Lrrc41,no_dataset
4140,Lrrc43,no_dataset
4141,Lrrc46,no_dataset
4143,Lrrc4c,no_dataset
4145,Lrrc6,no_dataset
4146,Lrrc63,no_dataset
4147,Lrrc66,no_dataset
4148,Lrrc7,no_dataset
4149,Lrrc8c,no_dataset
4150,Lrrc8d,no_dataset
4151,Lrrcc1,no_dataset
4152,Lrrfip1,no_dataset
4153,Lrriq1,no_dataset
4154,Lrrk2,no_dataset
4158,Lrrtm2,no_dataset
4161,Lsg1,no_dataset
4162,Lsm12,no_dataset
4163,Lsm14a,no_dataset
4164,Lss,no_dataset
4165,Ltb4r,no_dataset
4166,Ltb4r2,no_dataset
4167,Ltbp1,no_dataset
4168,Ltbr,no_dataset
4169,Ltv1,no_dataset
4170,Luzp2,no_dataset
4171,Ly6d,no_dataset
4172,Ly6g5c,no_dataset
4173,Ly9,no_dataset
4174,Lyar,no_dataset
4176,Lypd3,no_dataset
4177,Lypd5,no_dataset
4179,Lyrm2,no_dataset
4180,Lyrm5,no_dataset
4181,Lyrm7,no_dataset
4182,Lyz,no_dataset
4185,Lzts2,no_dataset
4186,M6pr,no_dataset
4187,Macrod2,no_dataset
4188,Mafa,no_dataset
4189,Mafk,no_dataset
4190,Mag,no_dataset
4191,Magec3,no_dataset
4193,Magi2,no_dataset
4194,Magt1,no_dataset
4195,Mal,no_dataset
4196,Mamstr,no_dataset
4197,Man1a2,no_dataset
4198,Man2a1,no_dataset
4199,Man2a2,no_dataset
4200,Man2b2,no_dataset
4204,Map1b,no_dataset
4207,Map3k10,no_dataset
4208,Map3k11,no_dataset
4209,Map3k8,no_dataset
4210,Map4k4,no_dataset
4211,Map4k5,no_dataset
4212,Map7,no_dataset
4213,Map7d3,no_dataset
4214,Map9,no_dataset
4215,Mapkap1,no_dataset
4216,Mapkapk3,no_dataset
4219,Mapre3,no_dataset
4221,Mark1,no_dataset
4222,Mark4,no_dataset
4223,Marveld2,no_dataset
4224,Mast3,no_dataset
4225,Mat2a,no_dataset
4226,Matn3,no_dataset
4228,Mbd2,no_dataset
4229,Mbnl1,no_dataset
4230,Mbnl3,no_dataset
4231,Mboat1,no_dataset
4234,Mcat,no_dataset
4235,Mccc1,no_dataset
4236,Mcf2,no_dataset
4237,Mcm7,no_dataset
4239,Mdfic,no_dataset
4240,Mdh1b,no_dataset
4241,Me1,no_dataset
4242,Me3,no_dataset
4243,Med11,no_dataset
4244,Med12l,no_dataset
4245,Med28,no_dataset
4247,Mef2bnb,no_dataset
4248,Mefv,no_dataset
4250,Megf6,no_dataset
4251,Mei1,no_dataset
4253,Mertk,no_dataset
4255,Metap1d,no_dataset
4256,Metap2,no_dataset
4257,Metrnl,no_dataset
4258,Mettl1,no_dataset
4259,Mettl8,no_dataset
4260,Mettl9,no_dataset
4261,Mfap3l,no_dataset
4262,Mff,no_dataset
4263,Mfge8,no_dataset
4264,Mfi2,no_dataset
4266,Mfng,no_dataset
4267,Mfsd11,no_dataset
4269,Mfsd9,no_dataset
4270,Mgat1,no_dataset
4273,Mgst2,no_dataset
4275,Mia3,no_dataset
4276,Mib2,no_dataset
4277,Mica,no_dataset
4278,Micall1,no_dataset
4279,Mid1ip1,no_dataset
4280,Mid2,no_dataset
4281,Mien1,no_dataset
4282,Mier2,no_dataset
4283,Mipol1,no_dataset
4284,Mitf,no_dataset
4285,Mkrn3,no_dataset
4287,Mlf1,no_dataset
4288,Mlkl,no_dataset
4289,Mllt1,no_dataset
4290,Mllt3,no_dataset
4292,Mlycd,no_dataset
4293,Mmab,no_dataset
4294,Mmachc,no_dataset
4295,Mmd2,no_dataset
4299,Mmp17,no_dataset
4300,Mmp19,no_dataset
4301,Mmp28,no_dataset
4302,Mmrn2,no_dataset
4303,Mn1,no_dataset
4304,Mnd1,no_dataset
4305,Mobp,no_dataset
4307,Mog,no_dataset
4308,Mogat1,no_dataset
4309,Mon1a,no_dataset
4311,Morn5,no_dataset
4312,Mospd2,no_dataset
4313,Mospd3,no_dataset
4314,Mov10,no_dataset
4316,Mpdu1,no_dataset
4317,Mphosph8,no_dataset
4318,Mpi,no_dataset
4319,Mpp1,no_dataset
4320,Mpp5,no_dataset
4321,Mppe1,no_dataset
4322,Mprip,no_dataset
4323,Mpst,no_dataset
4326,Mr1,no_dataset
4327,Mrap,no_dataset
4329,Mrc2,no_dataset
4330,Mro,no_dataset
4331,Mrpl11,no_dataset
4333,Mrpl15,no_dataset
4334,Mrpl16,no_dataset
4335,Mrpl19,no_dataset
4336,Mrpl20,no_dataset
4337,Mrpl27,no_dataset
4338,Mrpl34,no_dataset
4339,Mrpl35,no_dataset
4340,Mrpl41,no_dataset
4341,Mrpl42,no_dataset
4342,Mrpl44,no_dataset
4343,Mrpl47,no_dataset
4344,Mrpl48,no_dataset
4345,Mrpl50,no_dataset
4346,Mrpl51,no_dataset
4347,Mrpl52,no_dataset
4348,Mrps12,no_dataset
4349,Mrps15,no_dataset
4350,Mrps16,no_dataset
4351,Mrps17,no_dataset
4352,Mrps25,no_dataset
4353,Mrps33,no_dataset
4354,Mrps36,no_dataset
4355,Mrps9,no_dataset
4356,Mrvi1,no_dataset
4357,Ms4a6a,no_dataset
4358,Msantd1,no_dataset
4359,Msantd3,no_dataset
4360,Msh3,no_dataset
4361,Msi1,no_dataset
4364,Msx1,no_dataset
4365,Mt1e,no_dataset
4366,Mt1g,no_dataset
4367,Mt1m,no_dataset
4368,Mt1x,no_dataset
4369,Mt2a,no_dataset
4373,Mthfd1,no_dataset
4374,Mthfd2,no_dataset
4376,Mtl5,no_dataset
4377,Mtm1,no_dataset
4378,Mtmr10,no_dataset
4379,Mtmr11,no_dataset
4380,Mtmr2,no_dataset
4383,Mtor,no_dataset
4385,Mttp,no_dataset
4386,Muc1,no_dataset
4387,Muc4,no_dataset
4388,Mul1,no_dataset
4389,Murc,no_dataset
4390,Mustn1,no_dataset
4391,Mut,no_dataset
4392,Mvk,no_dataset
4395,Mxd3,no_dataset
4396,Mxra5,no_dataset
4398,Myadml2,no_dataset
4399,Mybbp1a,no_dataset
4401,Mybpc3,no_dataset
4402,Mybph,no_dataset
4404,Mycn,no_dataset
4405,Myct1,no_dataset
4406,Myeov2,no_dataset
4407,Myh10,no_dataset
4408,Myh11,no_dataset
4409,Myh14,no_dataset
4410,Myh15,no_dataset
4411,Myh7,no_dataset
4412,Myh7b,no_dataset
4413,Myh9,no_dataset
4414,Myl12a,no_dataset
4416,Mylk2,no_dataset
4418,Myo18a,no_dataset
4419,Myo18b,no_dataset
4421,Myo1d,no_dataset
4422,Myo1e,no_dataset
4423,Myo1h,no_dataset
4424,Myo3a,no_dataset
4425,Myo5a,no_dataset
4427,Myo6,no_dataset
4428,Myo9a,no_dataset
4429,Myo9b,no_dataset
4430,Myof,no_dataset
4431,Myog,no_dataset
4432,Myot,no_dataset
4433,Myoz2,no_dataset
4434,Myoz3,no_dataset
4435,Mypop,no_dataset
4437,Naalad2,no_dataset
4438,Naaladl2,no_dataset
4440,Nadsyn1,no_dataset
4441,Naglu,no_dataset
4442,Nags,no_dataset
4443,Naip,no_dataset
4444,Nap1l1,no_dataset
4445,Nap1l4,no_dataset
4446,Napg,no_dataset
4447,Napsa,no_dataset
4448,Narg2,no_dataset
4449,Nars,no_dataset
4454,Ncan,no_dataset
4455,Ncapd2,no_dataset
4456,Ncaph,no_dataset
4457,Ncbp1,no_dataset
4458,Ncbp2,no_dataset
4460,Ncf1,no_dataset
4461,Ncf4,no_dataset
4463,Ncstn,no_dataset
4465,Ndfip1,no_dataset
4466,Ndnl2,no_dataset
4467,Ndor1,no_dataset
4468,Ndrg1,no_dataset
4469,Ndrg4,no_dataset
4470,Ndst1,no_dataset
4472,Ndufa2,no_dataset
4473,Ndufa3,no_dataset
4474,Ndufa4l2,no_dataset
4475,Ndufa6,no_dataset
4476,Ndufa7,no_dataset
4477,Ndufa8,no_dataset
4479,Ndufaf3,no_dataset
4480,Ndufaf4,no_dataset
4481,Ndufb10,no_dataset
4482,Ndufb9,no_dataset
4484,Ndufs3,no_dataset
4485,Ndufs5,no_dataset
4486,Ndufs7,no_dataset
4489,Neb,no_dataset
4492,Necap2,no_dataset
4493,Nedd1,no_dataset
4494,Nedd8,no_dataset
4495,Nedd9,no_dataset
4498,Nek10,no_dataset
4499,Nek11,no_dataset
4500,Nek3,no_dataset
4501,Nek6,no_dataset
4504,Neo1,no_dataset
4506,Neu4,no_dataset
4507,Nexn,no_dataset
4508,Nf2,no_dataset
4509,Nfasc,no_dataset
4510,Nfatc2,no_dataset
4511,Nfatc4,no_dataset
4512,Nfe2,no_dataset
4513,Nfe2l1,no_dataset
4514,Nfe2l2,no_dataset
4516,Nfkb2,no_dataset
4517,Nfkbia,no_dataset
4518,Nfkbiz,no_dataset
4521,Ngrn,no_dataset
4523,Ninj2,no_dataset
4524,Nipa1,no_dataset
4527,Nipal4,no_dataset
4528,Nkain3,no_dataset
4529,Nkapl,no_dataset
4531,Nkg7,no_dataset
4532,Nkx1-2,no_dataset
4533,Nkx2-2,no_dataset
4534,Nkx3-1,no_dataset
4535,Nkx6-1,no_dataset
4536,Nkx6-2,no_dataset
4537,Nlgn4x,no_dataset
4538,Nlgn4y,no_dataset
4540,Nln,no_dataset
4541,Nlrp4,no_dataset
4542,Nme2,no_dataset
4543,Nme5,no_dataset
4544,Nme7,no_dataset
4545,Nmi,no_dataset
4546,Nmnat1,no_dataset
4547,Nmral1,no_dataset
4548,Nnt,no_dataset
4549,Nob1,no_dataset
4550,Noc2l,no_dataset
4551,Noc3l,no_dataset
4552,Noc4l,no_dataset
4554,Nol6,no_dataset
4555,Nom1,no_dataset
4556,Nos3,no_dataset
4557,Nostrin,no_dataset
4558,Notch1,no_dataset
4559,Notch2nl,no_dataset
4561,Notch4,no_dataset
4562,Nova2,no_dataset
4563,Nox4,no_dataset
4565,Npas3,no_dataset
4566,Npbwr2,no_dataset
4567,Npc1,no_dataset
4570,Nphp1,no_dataset
4571,Npl,no_dataset
4573,Nppc,no_dataset
4575,Nptn,no_dataset
4578,Npy5r,no_dataset
4581,Nr1i3,no_dataset
4582,Nr2e1,no_dataset
4583,Nrarp,no_dataset
4584,Nras,no_dataset
4587,Nrd1,no_dataset
4589,Nrg3,no_dataset
4591,Nrn1l,no_dataset
4593,Nrp2,no_dataset
4595,Nsa2,no_dataset
4596,Nsmce2,no_dataset
4597,Nsmce4a,no_dataset
4598,Nsun3,no_dataset
4599,Nsun4,no_dataset
4600,Nt5dc1,no_dataset
4601,Nt5e,no_dataset
4602,Ntan1,no_dataset
4604,Ntn4,no_dataset
4609,Ntsr2,no_dataset
4610,Nub1,no_dataset
4611,Nudcd2,no_dataset
4612,Nudt1,no_dataset
4613,Nudt12,no_dataset
4614,Nudt14,no_dataset
4615,Nudt15,no_dataset
4616,Nudt16,no_dataset
4617,Nudt19,no_dataset
4619,Nudt22,no_dataset
4620,Nudt3,no_dataset
4621,Nudt5,no_dataset
4622,Nufip1,no_dataset
4624,Nutf2,no_dataset
4625,Nwd1,no_dataset
4628,Nxt2,no_dataset
4629,Oaf,no_dataset
4630,Oas2,no_dataset
4631,Oas3,no_dataset
4632,Oat,no_dataset
4635,Oc90,no_dataset
4637,Ocrl,no_dataset
4638,Odf3l2,no_dataset
4639,Ogdh,no_dataset
4640,Ogdhl,no_dataset
4645,Olfm4,no_dataset
4646,Olfml2a,no_dataset
4647,Olig1,no_dataset
4649,Olr1,no_dataset
4650,Omd,no_dataset
4652,Onecut2,no_dataset
4653,Opa1,no_dataset
4654,Opa3,no_dataset
4655,Opalin,no_dataset
4657,Opn4,no_dataset
4659,Or13a1,no_dataset
4660,Or13c3,no_dataset
4661,Or2l2,no_dataset
4662,Or2m2,no_dataset
4663,Or2m3,no_dataset
4664,Or2m4,no_dataset
4665,Or2t33,no_dataset
4666,Or3a1,no_dataset
4667,Or3a3,no_dataset
4668,Or51e2,no_dataset
4669,Or9a2,no_dataset
4670,Ormdl2,no_dataset
4671,Ormdl3,no_dataset
4672,Osbp,no_dataset
4673,Osbpl1a,no_dataset
4679,Osgin1,no_dataset
4681,Otos,no_dataset
4682,Otud7b,no_dataset
4683,Otx1,no_dataset
4684,Ovch1,no_dataset
4685,Oxer1,no_dataset
4686,Oxgr1,no_dataset
4687,Oxnad1,no_dataset
4693,Pabpc5,no_dataset
4694,Pacrgl,no_dataset
4696,Pacsin3,no_dataset
4697,Padi2,no_dataset
4698,Padi4,no_dataset
4699,Paip2b,no_dataset
4700,Pak1ip1,no_dataset
4701,Pak2,no_dataset
4702,Palm,no_dataset
4704,Palm2-akap2,no_dataset
4707,Panx1,no_dataset
4708,Paox,no_dataset
4709,Papd4,no_dataset
4711,Papss1,no_dataset
4713,Paqr5,no_dataset
4714,Paqr6,no_dataset
4716,Paqr9,no_dataset
4718,Pard6g,no_dataset
4719,Parp1,no_dataset
4720,Parp10,no_dataset
4721,Parp12,no_dataset
4722,Parp14,no_dataset
4723,Parp3,no_dataset
4724,Parp4,no_dataset
4726,Parp9,no_dataset
4727,Pars2,no_dataset
4728,Pawr,no_dataset
4729,Pbld,no_dataset
4730,Pbx1,no_dataset
4732,Pbx4,no_dataset
4733,Pc,no_dataset
4734,Pccb,no_dataset
4735,Pcdh10,no_dataset
4737,Pcdh11y,no_dataset
4738,Pcdh12,no_dataset
4743,Pcdhb10,no_dataset
4745,Pcdhb4,no_dataset
4746,Pcdhga1,no_dataset
4747,Pcdhga7,no_dataset
4748,Pcgf5,no_dataset
4749,Pcolce2,no_dataset
4755,Pctp,no_dataset
4756,Pcyox1,no_dataset
4758,Pdcd10,no_dataset
4759,Pdcd6ip,no_dataset
4761,Pdcl3,no_dataset
4765,Pde2a,no_dataset
4768,Pde6b,no_dataset
4770,Pde8a,no_dataset
4774,Pdgfrl,no_dataset
4775,Pdhb,no_dataset
4776,Pdhx,no_dataset
4778,Pdia6,no_dataset
4780,Pdk4,no_dataset
4781,Pdlim4,no_dataset
4782,Pdlim5,no_dataset
4783,Pdlim7,no_dataset
4785,Pds5a,no_dataset
4787,Pdzd11,no_dataset
4790,Pdzrn4,no_dataset
4791,Pear1,no_dataset
4792,Pebp1,no_dataset
4793,Pebp4,no_dataset
4794,Pepd,no_dataset
4795,Pes1,no_dataset
4796,Pex11a,no_dataset
4797,Pex12,no_dataset
4799,Pex16,no_dataset
4800,Pex19,no_dataset
4801,Pex26,no_dataset
4802,Pex5,no_dataset
4804,Pfdn2,no_dataset
4805,Pfdn6,no_dataset
4810,Pfn1,no_dataset
4811,Pgap2,no_dataset
4812,Pgm3,no_dataset
4813,Pgr,no_dataset
4816,Phc1,no_dataset
4817,Phf11,no_dataset
4818,Phf12,no_dataset
4819,Phgdh,no_dataset
4820,Phkb,no_dataset
4821,Phlda1,no_dataset
4822,Phlda3,no_dataset
4823,Phldb1,no_dataset
4825,Phldb3,no_dataset
4826,Phlpp1,no_dataset
4829,Pi16,no_dataset
4830,Picalm,no_dataset
4831,Pif1,no_dataset
4832,Pigk,no_dataset
4833,Pign,no_dataset
4835,Pigx,no_dataset
4836,Pih1d2,no_dataset
4837,Pik3c2b,no_dataset
4838,Pik3ca,no_dataset
4839,Pik3cb,no_dataset
4840,Pik3cg,no_dataset
4841,Pim3,no_dataset
4842,Pink1,no_dataset
4845,Pitpna,no_dataset
4848,Pja2,no_dataset
4849,Pkd1l1,no_dataset
4851,Pla2g6,no_dataset
4853,Plac8,no_dataset
4854,Plat,no_dataset
4855,Plau,no_dataset
4856,Plaur,no_dataset
4857,Plbd1,no_dataset
4858,Plbd2,no_dataset
4860,Plcb2,no_dataset
4861,Plcd4,no_dataset
4862,Plce1,no_dataset
4863,Plcg2,no_dataset
4867,Pld1,no_dataset
4869,Plekha1,no_dataset
4870,Plekha4,no_dataset
4872,Plekha6,no_dataset
4875,Plekhb2,no_dataset
4876,Plekhf1,no_dataset
4878,Plekhg3,no_dataset
4879,Plekhg4,no_dataset
4880,Plekhh1,no_dataset
4881,Plekhj1,no_dataset
4883,Plk3,no_dataset
4885,Plod1,no_dataset
4886,Plod3,no_dataset
4895,Pmepa1,no_dataset
4896,Pml,no_dataset
4897,Pmp2,no_dataset
4899,Pmpca,no_dataset
4900,Pnldc1,no_dataset
4901,Pnma2,no_dataset
4902,Pnmal2,no_dataset
4903,Pno1,no_dataset
4904,Pnpla1,no_dataset
4905,Pnpla3,no_dataset
4906,Pnpla5,no_dataset
4907,Pnpla6,no_dataset
4908,Pnpla7,no_dataset
4909,Pnpla8,no_dataset
4911,Pnpt1,no_dataset
4912,Podxl,no_dataset
4914,Pold4,no_dataset
4915,Poli,no_dataset
4916,Polm,no_dataset
4917,Polr1a,no_dataset
4918,Polr2a,no_dataset
4919,Polr2c,no_dataset
4920,Polr2j2,no_dataset
4921,Polr3d,no_dataset
4922,Polrmt,no_dataset
4923,Pomgnt1,no_dataset
4925,Popdc3,no_dataset
4926,Pou2af1,no_dataset
4927,Pou3f1,no_dataset
4928,Pou3f2,no_dataset
4929,Pou3f4,no_dataset
4932,Ppap2c,no_dataset
4933,Ppara,no_dataset
4934,Ppard,no_dataset
4935,Ppargc1a,no_dataset
4936,Ppbp,no_dataset
4937,Ppcdc,no_dataset
4938,Ppfia1,no_dataset
4939,Ppfia2,no_dataset
4941,Ppfibp2,no_dataset
4942,Ppial4g,no_dataset
4943,Ppic,no_dataset
4944,Ppif,no_dataset
4945,Ppm1b,no_dataset
4946,Ppm1e,no_dataset
4947,Ppme1,no_dataset
4948,Ppp1r11,no_dataset
4949,Ppp1r12b,no_dataset
4950,Ppp1r14a,no_dataset
4952,Ppp1r16b,no_dataset
4956,Ppp1r3c,no_dataset
4957,Ppp1r3g,no_dataset
4961,Ppp2cb,no_dataset
4964,Ppp2r3a,no_dataset
4965,Ppp2r5a,no_dataset
4966,Ppp2r5c,no_dataset
4967,Ppp6c,no_dataset
4968,Ppt1,no_dataset
4971,Pram1,no_dataset
4973,Prdm16,no_dataset
4974,Prdm5,no_dataset
4975,Prdm6,no_dataset
4977,Prdx6,no_dataset
4978,Prelid2,no_dataset
4979,Prepl,no_dataset
4981,Prf1,no_dataset
4982,Prickle1,no_dataset
4983,Prickle4,no_dataset
4986,Prkar1a,no_dataset
4992,Prkd1,no_dataset
4993,Prkd2,no_dataset
4998,Prmt3,no_dataset
4999,Prmt6,no_dataset
5000,Prmt8,no_dataset
5001,Prom1,no_dataset
5002,Pros1,no_dataset
5003,Prps2,no_dataset
5004,Prpsap1,no_dataset
5005,Prr13,no_dataset
5006,Prr18,no_dataset
5007,Prr22,no_dataset
5008,Prr4,no_dataset
5009,Prr5l,no_dataset
5010,Prrg1,no_dataset
5011,Prrg3,no_dataset
5013,Prrx1,no_dataset
5016,Prss56,no_dataset
5017,Prss8,no_dataset
5018,Prtfdc1,no_dataset
5019,Prx,no_dataset
5020,Psat1,no_dataset
5021,Psen1,no_dataset
5022,Psenen,no_dataset
5023,Psmb1,no_dataset
5024,Psmb10,no_dataset
5025,Psmb8,no_dataset
5026,Psmb9,no_dataset
5027,Psmd10,no_dataset
5028,Psmd12,no_dataset
5029,Psmd3,no_dataset
5031,Psmd8,no_dataset
5032,Psme4,no_dataset
5033,Psph,no_dataset
5036,Ptcd3,no_dataset
5038,Ptgdr,no_dataset
5040,Ptgfrn,no_dataset
5041,Ptgir,no_dataset
5042,Ptgis,no_dataset
5044,Ptma,no_dataset
5046,Ptp4a2,no_dataset
5047,Ptp4a3,no_dataset
5049,Ptplad1,no_dataset
5050,Ptplb,no_dataset
5051,Ptpmt1,no_dataset
5052,Ptpn11,no_dataset
5053,Ptpn13,no_dataset
5054,Ptpn14,no_dataset
5055,Ptpn22,no_dataset
5057,Ptpn7,no_dataset
5058,Ptpre,no_dataset
5059,Ptprf,no_dataset
5060,Ptprh,no_dataset
5064,Ptprn2,no_dataset
5068,Ptrh2,no_dataset
5069,Pus1,no_dataset
5070,Pwwp2b,no_dataset
5071,Pxdn,no_dataset
5072,Pxdnl,no_dataset
5073,Pxk,no_dataset
5074,Pxmp4,no_dataset
5075,Pycr2,no_dataset
5077,Pyroxd1,no_dataset
5078,Pyroxd2,no_dataset
5079,Pzp,no_dataset
5080,Qars,no_dataset
5082,Qki,no_dataset
5083,Qpct,no_dataset
5084,Qprt,no_dataset
5085,Qtrtd1,no_dataset
5086,R3hdm2,no_dataset
5087,Rab10,no_dataset
5088,Rab11b,no_dataset
5089,Rab11fip2,no_dataset
5090,Rab11fip4,no_dataset
5091,Rab11fip5,no_dataset
5092,Rab14,no_dataset
5093,Rab18,no_dataset
5094,Rab1b,no_dataset
5095,Rab21,no_dataset
5096,Rab2a,no_dataset
5097,Rab2b,no_dataset
5098,Rab31,no_dataset
5100,Rab3gap2,no_dataset
5101,Rab3il1,no_dataset
5102,Rab40b,no_dataset
5103,Rab42,no_dataset
5104,Rab4a,no_dataset
5105,Rab5c,no_dataset
5107,Rab6c,no_dataset
5108,Rab7a,no_dataset
5109,Rab7l1,no_dataset
5110,Rab9a,no_dataset
5111,Rabac1,no_dataset
5113,Rabepk,no_dataset
5114,Rabgap1,no_dataset
5115,Rabggta,no_dataset
5116,Rabif,no_dataset
5117,Rad54b,no_dataset
5118,Rag1,no_dataset
5120,Rala,no_dataset
5122,Ramp2,no_dataset
5124,Ranbp17,no_dataset
5125,Ranbp3,no_dataset
5126,Ranbp3l,no_dataset
5128,Rangrf,no_dataset
5129,Rap1a,no_dataset
5130,Rapgef3,no_dataset
5133,Rarres3,no_dataset
5134,Rasa3,no_dataset
5139,Rasgrp3,no_dataset
5141,Rasl10b,no_dataset
5143,Rasl12,no_dataset
5144,Rassf2,no_dataset
5146,Rassf5,no_dataset
5147,Raver1,no_dataset
5148,Rbbp4,no_dataset
5149,Rbbp9,no_dataset
5151,Rbm20,no_dataset
5152,Rbm34,no_dataset
5153,Rbm43,no_dataset
5154,Rbms1,no_dataset
5155,Rbms2,no_dataset
5156,Rbms3,no_dataset
5157,Rbp1,no_dataset
5159,Rbp7,no_dataset
5160,Rbpms,no_dataset
5163,Rcbtb1,no_dataset
5164,Rcc1,no_dataset
5165,Rcc2,no_dataset
5166,Rcl1,no_dataset
5167,Rcor2,no_dataset
5168,Rdh10,no_dataset
5169,Rdh11,no_dataset
5170,Rdh12,no_dataset
5171,Rdx,no_dataset
5172,Recql,no_dataset
5173,Reep3,no_dataset
5176,Rell2,no_dataset
5178,Renbp,no_dataset
5179,Rep15,no_dataset
5180,Repin1,no_dataset
5182,Rerg,no_dataset
5183,Rergl,no_dataset
5185,Rexo1,no_dataset
5186,Rexo2,no_dataset
5187,Rfc1,no_dataset
5188,Rffl,no_dataset
5189,Rfng,no_dataset
5190,Rfpl1,no_dataset
5191,Rfpl3s,no_dataset
5192,Rftn2,no_dataset
5195,Rgl1,no_dataset
5196,Rgl3,no_dataset
5197,Rgma,no_dataset
5198,Rgpd1,no_dataset
5199,Rgpd8,no_dataset
5200,Rgs1,no_dataset
5209,Rhbdd1,no_dataset
5210,Rhbdd2,no_dataset
5211,Rhbdd3,no_dataset
5212,Rhbdl1,no_dataset
5213,Rhbdl2,no_dataset
5214,Rhbdl3,no_dataset
5215,Rhoa,no_dataset
5216,Rhob,no_dataset
5217,Rhobtb1,no_dataset
5218,Rhobtb2,no_dataset
5220,Rhoc,no_dataset
5221,Rhoq,no_dataset
5222,Rhou,no_dataset
5223,Rhpn1,no_dataset
5224,Ribc2,no_dataset
5225,Rictor,no_dataset
5226,Rilp,no_dataset
5227,Rilpl1,no_dataset
5228,Rimkla,no_dataset
5231,Rin2,no_dataset
5232,Riok2,no_dataset
5233,Ripk2,no_dataset
5234,Rit1,no_dataset
5235,Rln1,no_dataset
5236,Rnase1,no_dataset
5237,Rnaset2,no_dataset
5238,Rnf113a,no_dataset
5239,Rnf114,no_dataset
5240,Rnf125,no_dataset
5243,Rnf130,no_dataset
5244,Rnf141,no_dataset
5246,Rnf157,no_dataset
5247,Rnf167,no_dataset
5248,Rnf20,no_dataset
5249,Rnf208,no_dataset
5250,Rnf213,no_dataset
5252,Rnft2,no_dataset
5254,Rnls,no_dataset
5255,Rnmt,no_dataset
5258,Robo4,no_dataset
5259,Rock1,no_dataset
5260,Ropn1b,no_dataset
5261,Ropn1l,no_dataset
5263,Rp9,no_dataset
5264,Rpa1,no_dataset
5265,Rpap1,no_dataset
5266,Rpe65,no_dataset
5267,Rpgrip1l,no_dataset
5268,Rpl36,no_dataset
5270,Rpp40,no_dataset
5271,Rps27l,no_dataset
5273,Rps6kc1,no_dataset
5274,Rpusd2,no_dataset
5275,Rragc,no_dataset
5276,Rras,no_dataset
5277,Rrbp1,no_dataset
5278,Rrm2b,no_dataset
5280,Rrp12,no_dataset
5281,Rrp7a,no_dataset
5282,Rrp8,no_dataset
5283,Rrs1,no_dataset
5284,Rsad2,no_dataset
5285,Rsph3,no_dataset
5286,Rspo4,no_dataset
5287,Rsu1,no_dataset
5288,Rtdr1,no_dataset
5289,Rtkn,no_dataset
5290,Rtkn2,no_dataset
5293,Rtp4,no_dataset
5294,Rttn,no_dataset
5296,Rundc1,no_dataset
5297,Runx1,no_dataset
5299,Runx3,no_dataset
5300,Rwdd1,no_dataset
5303,Rxra,no_dataset
5305,Rybp,no_dataset
5306,Ryr3,no_dataset
5307,S100a1,no_dataset
5309,S100a12,no_dataset
5310,S100a14,no_dataset
5313,Saa2,no_dataset
5315,Sacs,no_dataset
5316,Sall1,no_dataset
5318,Samd15,no_dataset
5319,Samd4b,no_dataset
5320,Samd5,no_dataset
5322,Sar1b,no_dataset
5324,Sat1,no_dataset
5325,Sav1,no_dataset
5326,Sbds,no_dataset
5327,Sbsn,no_dataset
5328,Scaf1,no_dataset
5329,Scamp4,no_dataset
5333,Scarf2,no_dataset
5334,Scd,no_dataset
5335,Scd5,no_dataset
5336,Scfd2,no_dataset
5338,Scimp,no_dataset
5339,Scin,no_dataset
5341,Scn2b,no_dataset
5342,Scn4a,no_dataset
5344,Scn7a,no_dataset
5345,Scnm1,no_dataset
5346,Sco2,no_dataset
5347,Scoc,no_dataset
5348,Scp2,no_dataset
5350,Scrt2,no_dataset
5353,Sdcbp2,no_dataset
5354,Sdf2l1,no_dataset
5355,Sdhc,no_dataset
5356,Sdhd,no_dataset
5358,Sdpr,no_dataset
5359,Sds,no_dataset
5360,Sdsl,no_dataset
5361,Sec14l2,no_dataset
5362,Sec14l5,no_dataset
5363,Sec16b,no_dataset
5364,Sec22c,no_dataset
5365,Sec31a,no_dataset
5367,Sec63,no_dataset
5368,Secisbp2l,no_dataset
5369,Sectm1,no_dataset
5370,Sel1l,no_dataset
5371,Selenbp1,no_dataset
5380,Senp5,no_dataset
5381,Sepp1,no_dataset
5382,Serf2,no_dataset
5383,Serhl2,no_dataset
5384,Serinc4,no_dataset
5386,Serpina1,no_dataset
5387,Serpina5,no_dataset
5388,Serpinb1,no_dataset
5389,Serpinb6,no_dataset
5391,Serpind1,no_dataset
5392,Serpine1,no_dataset
5394,Serpinh1,no_dataset
5397,Sesn3,no_dataset
5398,Sestd1,no_dataset
5401,Setmar,no_dataset
5402,Setx,no_dataset
5405,Sfrp4,no_dataset
5406,Sft2d1,no_dataset
5407,Sft2d2,no_dataset
5408,Sftpc,no_dataset
5409,Sfxn1,no_dataset
5410,Sfxn4,no_dataset
5411,Sgcb,no_dataset
5413,Sgce,no_dataset
5414,Sgip1,no_dataset
5415,Sgk1,no_dataset
5416,Sgk2,no_dataset
5418,Sgms1,no_dataset
5419,Sgpl1,no_dataset
5421,Sh2d2a,no_dataset
5422,Sh2d5,no_dataset
5423,Sh2d6,no_dataset
5425,Sh3bgrl,no_dataset
5427,Sh3bgrl3,no_dataset
5428,Sh3bp2,no_dataset
5431,Sh3glb1,no_dataset
5433,Sh3pxd2a,no_dataset
5436,Sh3rf3,no_dataset
5437,Sh3tc2,no_dataset
5438,Sh3yl1,no_dataset
5440,Shc2,no_dataset
5441,Shc3,no_dataset
5442,Shc4,no_dataset
5443,Shd,no_dataset
5444,She,no_dataset
5445,Shfm1,no_dataset
5447,Shisa3,no_dataset
5448,Shisa4,no_dataset
5449,Shkbp1,no_dataset
5450,Shq1,no_dataset
5451,Shroom4,no_dataset
5453,Sigirr,no_dataset
5454,Siglec10,no_dataset
5455,Sik1,no_dataset
5456,Sil1,no_dataset
5457,Sim2,no_dataset
5458,Sipa1,no_dataset
5461,Sirt3,no_dataset
5463,Six5,no_dataset
5464,Skap1,no_dataset
5465,Skil,no_dataset
5466,Slain1,no_dataset
5469,Slc11a1,no_dataset
5473,Slc12a4,no_dataset
5474,Slc12a6,no_dataset
5475,Slc12a7,no_dataset
5478,Slc14a1,no_dataset
5479,Slc14a2,no_dataset
5480,Slc15a2,no_dataset
5481,Slc16a1,no_dataset
5486,Slc19a3,no_dataset
5488,Slc1a4,no_dataset
5489,Slc1a7,no_dataset
5491,Slc22a1,no_dataset
5492,Slc22a15,no_dataset
5493,Slc22a18,no_dataset
5494,Slc22a18as,no_dataset
5497,Slc23a2,no_dataset
5498,Slc23a3,no_dataset
5499,Slc24a1,no_dataset
5501,Slc25a13,no_dataset
5502,Slc25a15,no_dataset
5503,Slc25a18,no_dataset
5504,Slc25a19,no_dataset
5505,Slc25a20,no_dataset
5506,Slc25a23,no_dataset
5508,Slc25a28,no_dataset
5509,Slc25a29,no_dataset
5511,Slc25a33,no_dataset
5512,Slc25a35,no_dataset
5513,Slc25a37,no_dataset
5514,Slc25a40,no_dataset
5516,Slc26a1,no_dataset
5517,Slc26a11,no_dataset
5518,Slc26a9,no_dataset
5521,Slc27a5,no_dataset
5522,Slc27a6,no_dataset
5526,Slc2a9,no_dataset
5527,Slc30a1,no_dataset
5528,Slc30a10,no_dataset
5529,Slc30a4,no_dataset
5530,Slc30a7,no_dataset
5531,Slc30a9,no_dataset
5535,Slc34a3,no_dataset
5537,Slc35a5,no_dataset
5539,Slc35c1,no_dataset
5540,Slc35d2,no_dataset
5542,Slc35e1,no_dataset
5543,Slc35e3,no_dataset
5546,Slc38a10,no_dataset
5547,Slc38a11,no_dataset
5548,Slc38a2,no_dataset
5549,Slc38a5,no_dataset
5550,Slc38a6,no_dataset
5551,Slc39a11,no_dataset
5552,Slc39a12,no_dataset
5555,Slc39a7,no_dataset
5556,Slc39a8,no_dataset
5557,Slc39a9,no_dataset
5558,Slc3a1,no_dataset
5559,Slc3a2,no_dataset
5560,Slc40a1,no_dataset
5562,Slc43a3,no_dataset
5564,Slc45a3,no_dataset
5565,Slc47a1,no_dataset
5566,Slc47a2,no_dataset
5567,Slc48a1,no_dataset
5569,Slc4a3,no_dataset
5570,Slc4a8,no_dataset
5571,Slc5a11,no_dataset
5572,Slc5a6,no_dataset
5574,Slc5a8,no_dataset
5577,Slc6a12,no_dataset
5578,Slc6a13,no_dataset
5580,Slc6a8,no_dataset
5582,Slc7a10,no_dataset
5583,Slc7a5,no_dataset
5584,Slc7a7,no_dataset
5585,Slc7a8,no_dataset
5589,Slc9a3r1,no_dataset
5594,Slco1a2,no_dataset
5595,Slco2b1,no_dataset
5597,Slfn11,no_dataset
5598,Slfn12,no_dataset
5599,Slfn5,no_dataset
5601,Slitrk2,no_dataset
5602,Slmo2,no_dataset
5603,Smad3,no_dataset
5604,Smad6,no_dataset
5605,Smap1,no_dataset
5607,Smarca5,no_dataset
5608,Smarcal1,no_dataset
5609,Smarcc2,no_dataset
5610,Smc2,no_dataset
5613,Smox,no_dataset
5614,Smurf1,no_dataset
5616,Snapc1,no_dataset
5617,Snf8,no_dataset
5618,Snph,no_dataset
5619,Snta1,no_dataset
5621,Snx1,no_dataset
5622,Snx10,no_dataset
5623,Snx11,no_dataset
5624,Snx19,no_dataset
5625,Snx20,no_dataset
5626,Snx21,no_dataset
5627,Snx22,no_dataset
5628,Snx24,no_dataset
5629,Snx27,no_dataset
5630,Snx29,no_dataset
5631,Snx32,no_dataset
5632,Snx5,no_dataset
5633,Snx6,no_dataset
5634,Snx9,no_dataset
5637,Sod2,no_dataset
5643,Sort1,no_dataset
5644,Sos2,no_dataset
5645,Sost,no_dataset
5646,Sox1,no_dataset
5649,Sox13,no_dataset
5650,Sox17,no_dataset
5651,Sox18,no_dataset
5653,Sox21,no_dataset
5655,Sox6,no_dataset
5656,Sox7,no_dataset
5658,Sp110,no_dataset
5659,Sp140l,no_dataset
5660,Sp6,no_dataset
5661,Sp7,no_dataset
5662,Spa17,no_dataset
5664,Spag17,no_dataset
5665,Spag4,no_dataset
5666,Spag8,no_dataset
5669,Spata18,no_dataset
5670,Spata22,no_dataset
5671,Spata6,no_dataset
5672,Spcs1,no_dataset
5673,Spcs2,no_dataset
5674,Spef1,no_dataset
5675,Spg20,no_dataset
5677,Sphk1,no_dataset
5678,Sphk2,no_dataset
5679,Spin1,no_dataset
5680,Spin4,no_dataset
5681,Spn,no_dataset
5684,Spopl,no_dataset
5686,Spr,no_dataset
5687,Spred1,no_dataset
5690,Sptbn1,no_dataset
5694,Srbd1,no_dataset
5695,Srcrb4d,no_dataset
5696,Srd5a1,no_dataset
5697,Srebf1,no_dataset
5699,Srgn,no_dataset
5700,Sri,no_dataset
5701,Srl,no_dataset
5702,Srp72,no_dataset
5703,Srpk2,no_dataset
5708,Ssr3,no_dataset
5710,Ssu72,no_dataset
5711,St13,no_dataset
5712,St14,no_dataset
5713,St3gal4,no_dataset
5714,St3gal5,no_dataset
5715,St6galnac1,no_dataset
5716,St6galnac2,no_dataset
5719,St8sia4,no_dataset
5721,Stam2,no_dataset
5722,Stambp,no_dataset
5723,Star,no_dataset
5725,Stard3nl,no_dataset
5726,Stard4,no_dataset
5729,Stat4,no_dataset
5733,Stk3,no_dataset
5734,Stk32b,no_dataset
5736,Stk36,no_dataset
5737,Stk39,no_dataset
5738,Stom,no_dataset
5740,Ston2,no_dataset
5741,Stox1,no_dataset
5743,Sts,no_dataset
5744,Stx16,no_dataset
5745,Stx17,no_dataset
5746,Stx2,no_dataset
5747,Stx6,no_dataset
5748,Stx7,no_dataset
5749,Stx8,no_dataset
5750,Stxbp3,no_dataset
5753,Styxl1,no_dataset
5754,Suclg2,no_dataset
5755,Suds3,no_dataset
5756,Sugt1,no_dataset
5758,Sult1c4,no_dataset
5759,Supt4h1,no_dataset
5760,Supv3l1,no_dataset
5761,Surf1,no_dataset
5762,Surf4,no_dataset
5765,Susd5,no_dataset
5768,Swap70,no_dataset
5770,Syde1,no_dataset
5771,Syde2,no_dataset
5772,Sympk,no_dataset
5774,Syngr2,no_dataset
5777,Synm,no_dataset
5780,Syp,no_dataset
5781,Sypl1,no_dataset
5783,Syt15,no_dataset
5789,Syvn1,no_dataset
5791,Tacc1,no_dataset
5792,Taco1,no_dataset
5794,Taf10,no_dataset
5795,Taf12,no_dataset
5797,Taf4b,no_dataset
5798,Taf8,no_dataset
5799,Tagln2,no_dataset
5801,Tal2,no_dataset
5804,Tanc2,no_dataset
5806,Taok2,no_dataset
5807,Tap1,no_dataset
5808,Tapbpl,no_dataset
5809,Tardbp,no_dataset
5810,Tars2,no_dataset
5811,Tarsl2,no_dataset
5812,Tas1r1,no_dataset
5813,Tas2r7,no_dataset
5814,Tatdn3,no_dataset
5815,Tax1bp1,no_dataset
5816,Tax1bp3,no_dataset
5817,Tbc1d10b,no_dataset
5818,Tbc1d10c,no_dataset
5819,Tbc1d12,no_dataset
5820,Tbc1d13,no_dataset
5821,Tbc1d15,no_dataset
5822,Tbc1d19,no_dataset
5823,Tbc1d2,no_dataset
5824,Tbc1d22a,no_dataset
5825,Tbc1d4,no_dataset
5826,Tbc1d8b,no_dataset
5827,Tbk1,no_dataset
5828,Tbkbp1,no_dataset
5829,Tbl1x,no_dataset
5830,Tbl1y,no_dataset
5831,Tbrg1,no_dataset
5832,Tbx1,no_dataset
5833,Tbx19,no_dataset
5834,Tbx2,no_dataset
5835,Tbx3,no_dataset
5836,Tbxas1,no_dataset
5837,Tcf12,no_dataset
5838,Tcf15,no_dataset
5840,Tcfl5,no_dataset
5841,Tchh,no_dataset
5842,Tcirg1,no_dataset
5844,Tcp11l2,no_dataset
5845,Tcte3,no_dataset
5846,Tctex1d1,no_dataset
5847,Tctn3,no_dataset
5848,Tdgf1,no_dataset
5849,Tdrd10,no_dataset
5850,Tdrd12,no_dataset
5852,Tdrd7,no_dataset
5853,Tead3,no_dataset
5854,Tecpr2,no_dataset
5856,Tekt4,no_dataset
5857,Tenc1,no_dataset
5858,Tes,no_dataset
5860,Tesk1,no_dataset
5861,Tesk2,no_dataset
5862,Tet2,no_dataset
5863,Tex15,no_dataset
5864,Tex2,no_dataset
5865,Tex26,no_dataset
5866,Tf,no_dataset
5867,Tfcp2l1,no_dataset
5868,Tfdp2,no_dataset
5869,Tfe3,no_dataset
5870,Tfeb,no_dataset
5871,Tfg,no_dataset
5872,Tfpi2,no_dataset
5873,Tgfa,no_dataset
5875,Tgfbr3,no_dataset
5876,Tgm2,no_dataset
5878,Thada,no_dataset
5879,Thap10,no_dataset
5880,Thap3,no_dataset
5881,Thap4,no_dataset
5883,Thbs1,no_dataset
5887,Thnsl2,no_dataset
5888,Thsd1,no_dataset
5889,Thsd4,no_dataset
5891,Thtpa,no_dataset
5892,Thy1,no_dataset
5894,Tie1,no_dataset
5895,Timm50,no_dataset
5896,Timm8a,no_dataset
5897,Timmdc1,no_dataset
5900,Tiparp,no_dataset
5901,Tjap1,no_dataset
5902,Tjp1,no_dataset
5903,Tjp3,no_dataset
5904,Tk1,no_dataset
5906,Tkt,no_dataset
5907,Tlk1,no_dataset
5908,Tll2,no_dataset
5909,Tln1,no_dataset
5910,Tln2,no_dataset
5911,Tlr5,no_dataset
5912,Tlx2,no_dataset
5913,Tm2d1,no_dataset
5914,Tm4sf18,no_dataset
5915,Tm6sf2,no_dataset
5916,Tm7sf2,no_dataset
5917,Tm9sf4,no_dataset
5918,Tmbim1,no_dataset
5921,Tmc7,no_dataset
5922,Tmcc2,no_dataset
5923,Tmcc3,no_dataset
5924,Tmco4,no_dataset
5925,Tmed10,no_dataset
5926,Tmed2,no_dataset
5927,Tmed5,no_dataset
5928,Tmed7,no_dataset
5929,Tmed8,no_dataset
5932,Tmem100,no_dataset
5933,Tmem117,no_dataset
5934,Tmem119,no_dataset
5935,Tmem123,no_dataset
5936,Tmem125,no_dataset
5937,Tmem126b,no_dataset
5938,Tmem127,no_dataset
5939,Tmem129,no_dataset
5940,Tmem132b,no_dataset
5941,Tmem132c,no_dataset
5942,Tmem133,no_dataset
5943,Tmem134,no_dataset
5944,Tmem135,no_dataset
5945,Tmem136,no_dataset
5946,Tmem139,no_dataset
5947,Tmem140,no_dataset
5948,Tmem141,no_dataset
5949,Tmem143,no_dataset
5950,Tmem144,no_dataset
5951,Tmem14b,no_dataset
5952,Tmem14c,no_dataset
5953,Tmem150a,no_dataset
5955,Tmem151a,no_dataset
5956,Tmem164,no_dataset
5957,Tmem165,no_dataset
5958,Tmem167b,no_dataset
5959,Tmem171,no_dataset
5960,Tmem173,no_dataset
5962,Tmem179b,no_dataset
5963,Tmem181,no_dataset
5964,Tmem183a,no_dataset
5965,Tmem184a,no_dataset
5966,Tmem184b,no_dataset
5967,Tmem184c,no_dataset
5968,Tmem187,no_dataset
5969,Tmem189,no_dataset
5970,Tmem194b,no_dataset
5972,Tmem201,no_dataset
5975,Tmem208,no_dataset
5976,Tmem232,no_dataset
5977,Tmem26,no_dataset
5978,Tmem30a,no_dataset
5979,Tmem30b,no_dataset
5980,Tmem31,no_dataset
5982,Tmem37,no_dataset
5983,Tmem38b,no_dataset
5985,Tmem44,no_dataset
5986,Tmem45a,no_dataset
5988,Tmem50a,no_dataset
5990,Tmem52,no_dataset
5991,Tmem53,no_dataset
5992,Tmem59,no_dataset
5993,Tmem63a,no_dataset
5994,Tmem63b,no_dataset
5996,Tmem66,no_dataset
5998,Tmem79,no_dataset
6000,Tmem87a,no_dataset
6001,Tmem87b,no_dataset
6002,Tmem88,no_dataset
6003,Tmem88b,no_dataset
6004,Tmem8a,no_dataset
6006,Tmem98,no_dataset
6007,Tmem9b,no_dataset
6008,Tmf1,no_dataset
6009,Tmod2,no_dataset
6011,Tmsb4y,no_dataset
6013,Tmtc2,no_dataset
6014,Tmtc4,no_dataset
6018,Tnfaip2,no_dataset
6020,Tnfaip6,no_dataset
6022,Tnfrsf10b,no_dataset
6023,Tnfrsf10c,no_dataset
6026,Tnfrsf1b,no_dataset
6028,Tnfsf10,no_dataset
6029,Tnfsf13,no_dataset
6030,Tnfsf14,no_dataset
6031,Tnik,no_dataset
6033,Tnk2,no_dataset
6037,Tollip,no_dataset
6038,Tom1,no_dataset
6041,Tomm40,no_dataset
6043,Top1mt,no_dataset
6044,Tor1aip1,no_dataset
6045,Tor3a,no_dataset
6048,Tox4,no_dataset
6049,Tp53bp2,no_dataset
6050,Tp53i13,no_dataset
6051,Tp53i3,no_dataset
6052,Tp53inp2,no_dataset
6053,Tp53tg5,no_dataset
6055,Tpd52,no_dataset
6056,Tph1,no_dataset
6058,Tpp1,no_dataset
6059,Tpp2,no_dataset
6062,Tprg1l,no_dataset
6063,Tpst2,no_dataset
6064,Tra2a,no_dataset
6065,Traf1,no_dataset
6066,Traf3ip1,no_dataset
6069,Trak2,no_dataset
6070,Tram1,no_dataset
6071,Tram1l1,no_dataset
6073,Trappc6a,no_dataset
6074,Treml1,no_dataset
6075,Trim14,no_dataset
6076,Trim16l,no_dataset
6077,Trim2,no_dataset
6078,Trim21,no_dataset
6080,Trim29,no_dataset
6081,Trim34,no_dataset
6082,Trim35,no_dataset
6085,Trim41,no_dataset
6086,Trim44,no_dataset
6087,Trim45,no_dataset
6088,Trim5,no_dataset
6089,Trim56,no_dataset
6090,Trim59,no_dataset
6091,Trim63,no_dataset
6092,Trim66,no_dataset
6093,Trim69,no_dataset
6094,Trim71,no_dataset
6095,Trim8,no_dataset
6096,Triml2,no_dataset
6097,Trip11,no_dataset
6098,Trip12,no_dataset
6100,Trmt2b,no_dataset
6101,Trmt61a,no_dataset
6103,Trpc3,no_dataset
6105,Trpm2,no_dataset
6108,Trpt1,no_dataset
6109,Trpv3,no_dataset
6110,Trpv5,no_dataset
6111,Trpv6,no_dataset
6112,Trub2,no_dataset
6115,Tsen15,no_dataset
6116,Tsga10,no_dataset
6117,Tslp,no_dataset
6119,Tspan13,no_dataset
6121,Tspan3,no_dataset
6122,Tspan31,no_dataset
6124,Tspan8,no_dataset
6126,Tsr2,no_dataset
6127,Tst,no_dataset
6128,Ttbk1,no_dataset
6130,Ttc1,no_dataset
6131,Ttc12,no_dataset
6132,Ttc24,no_dataset
6133,Ttc30a,no_dataset
6134,Ttc30b,no_dataset
6135,Ttc39a,no_dataset
6136,Ttc7a,no_dataset
6137,Ttf2,no_dataset
6138,Ttl,no_dataset
6139,Ttll11,no_dataset
6140,Ttll3,no_dataset
6144,Ttyh1,no_dataset
6145,Ttyh2,no_dataset
6147,Tusc2,no_dataset
6148,Tut1,no_dataset
6149,Twf1,no_dataset
6150,Twistnb,no_dataset
6151,Twsg1,no_dataset
6152,Txndc17,no_dataset
6153,Txndc5,no_dataset
6155,Tyms,no_dataset
6156,Tysnd1,no_dataset
6157,Tyw3,no_dataset
6159,Uap1l1,no_dataset
6160,Uba3,no_dataset
6161,Ube2a,no_dataset
6162,Ube2d1,no_dataset
6163,Ube2f,no_dataset
6165,Ube2o,no_dataset
6167,Ube2v2,no_dataset
6168,Ube2w,no_dataset
6169,Ube4a,no_dataset
6171,Ubiad1,no_dataset
6173,Ubl4a,no_dataset
6174,Ubl4b,no_dataset
6176,Ubox5,no_dataset
6177,Ubqln4,no_dataset
6178,Ucp2,no_dataset
6179,Ucp3,no_dataset
6180,Uevld,no_dataset
6182,Ufsp2,no_dataset
6183,Ugt8,no_dataset
6184,Uhmk1,no_dataset
6185,Uhrf1bp1l,no_dataset
6186,Ulbp1,no_dataset
6187,Umodl1,no_dataset
6188,Unc13d,no_dataset
6189,Upb1,no_dataset
6190,Upf2,no_dataset
6191,Upk1b,no_dataset
6192,Uprt,no_dataset
6194,Uqcrq,no_dataset
6195,Urb1,no_dataset
6196,Urm1,no_dataset
6197,Uros,no_dataset
6198,Ush1c,no_dataset
6199,Ush2a,no_dataset
6200,Ushbp1,no_dataset
6203,Usp18,no_dataset
6205,Usp32,no_dataset
6206,Usp34,no_dataset
6207,Usp35,no_dataset
6208,Usp37,no_dataset
6209,Usp39,no_dataset
6210,Usp41,no_dataset
6211,Usp54,no_dataset
6212,Usp6nl,no_dataset
6213,Usp8,no_dataset
6214,Usp9x,no_dataset
6215,Utp14a,no_dataset
6216,Utp3,no_dataset
6218,Uxs1,no_dataset
6220,Vamp3,no_dataset
6221,Vamp8,no_dataset
6223,Vars,no_dataset
6225,Vasn,no_dataset
6226,Vasp,no_dataset
6231,Vax1,no_dataset
6232,Vcpip1,no_dataset
6235,Vegfc,no_dataset
6236,Ventx,no_dataset
6237,Vezf1,no_dataset
6241,Vpreb3,no_dataset
6242,Vps11,no_dataset
6243,Vps13d,no_dataset
6246,Vrk2,no_dataset
6247,Vsig1,no_dataset
6248,Vsig2,no_dataset
6253,Vwa3b,no_dataset
6255,Vwc2l,no_dataset
6256,Vwde,no_dataset
6257,Vwf,no_dataset
6258,Wars2,no_dataset
6259,Wasf2,no_dataset
6260,Wasl,no_dataset
6261,Wbp4,no_dataset
6262,Wbscr22,no_dataset
6263,Wdr26,no_dataset
6265,Wdr35,no_dataset
6266,Wdr41,no_dataset
6267,Wdr43,no_dataset
6268,Wdr45,no_dataset
6270,Wdr5b,no_dataset
6271,Wdr63,no_dataset
6272,Wdr66,no_dataset
6273,Wdr7,no_dataset
6274,Wdr78,no_dataset
6275,Wdr81,no_dataset
6276,Wdtc1,no_dataset
6277,Wfdc2,no_dataset
6278,Wfdc3,no_dataset
6279,Wipf1,no_dataset
6280,Wipf2,no_dataset
6281,Wipf3,no_dataset
6282,Wisp2,no_dataset
6283,Wnk1,no_dataset
6284,Wnt10a,no_dataset
6286,Wnt2,no_dataset
6290,Wnt5b,no_dataset
6291,Wsb1,no_dataset
6293,Wwp1,no_dataset
6294,Wwtr1,no_dataset
6295,Xaf1,no_dataset
6296,Xkr9,no_dataset
6297,Xpo6,no_dataset
6298,Xpot,no_dataset
6299,Xpr1,no_dataset
6300,Xrcc4,no_dataset
6301,Xrcc5,no_dataset
6304,Yes1,no_dataset
6305,Yif1b,no_dataset
6306,Ythdf3,no_dataset
6309,Zar1,no_dataset
6310,Zbed1,no_dataset
6311,Zbed3,no_dataset
6312,Zbtb1,no_dataset
6313,Zbtb17,no_dataset
6314,Zbtb26,no_dataset
6315,Zbtb3,no_dataset
6316,Zbtb4,no_dataset
6317,Zbtb42,no_dataset
6318,Zbtb8os,no_dataset
6319,Zc3h13,no_dataset
6320,Zc3hav1,no_dataset
6321,Zc3hav1l,no_dataset
6322,Zc4h2,no_dataset
6323,Zcchc24,no_dataset
6324,Zcrb1,no_dataset
6325,Zcwpw2,no_dataset
6326,Zdhhc12,no_dataset
6327,Zdhhc20,no_dataset
6328,Zdhhc22,no_dataset
6329,Zdhhc24,no_dataset
6330,Zdhhc6,no_dataset
6331,Zdhhc8,no_dataset
6335,Zfp36,no_dataset
6336,Zfp36l1,no_dataset
6337,Zfp36l2,no_dataset
6338,Zfp41,no_dataset
6339,Zfpl1,no_dataset
6340,Zfyve16,no_dataset
6341,Zfyve19,no_dataset
6342,Zhx2,no_dataset
6343,Zkscan1,no_dataset
6344,Zmat3,no_dataset
6346,Zmpste24,no_dataset
6347,Zmym3,no_dataset
6348,Zmynd12,no_dataset
6349,Zmynd8,no_dataset
6350,Znf101,no_dataset
6351,Znf117,no_dataset
6352,Znf146,no_dataset
6353,Znf157,no_dataset
6354,Znf18,no_dataset
6355,Znf208,no_dataset
6356,Znf217,no_dataset
6357,Znf24,no_dataset
6358,Znf260,no_dataset
6359,Znf277,no_dataset
6360,Znf341,no_dataset
6361,Znf354c,no_dataset
6362,Znf365,no_dataset
6363,Znf366,no_dataset
6364,Znf367,no_dataset
6365,Znf385a,no_dataset
6366,Znf396,no_dataset
6367,Znf404,no_dataset
6368,Znf43,no_dataset
6369,Znf438,no_dataset
6370,Znf469,no_dataset
6371,Znf474,no_dataset
6372,Znf480,no_dataset
6373,Znf493,no_dataset
6374,Znf503,no_dataset
6375,Znf516,no_dataset
6376,Znf575,no_dataset
6377,Znf579,no_dataset
6378,Znf592,no_dataset
6379,Znf593,no_dataset
6380,Znf610,no_dataset
6381,Znf619,no_dataset
6382,Znf624,no_dataset
6383,Znf646,no_dataset
6384,Znf664,no_dataset
6385,Znf675,no_dataset
6386,Znf681,no_dataset
6387,Znf684,no_dataset
6388,Znf688,no_dataset
6389,Znf689,no_dataset
6390,Znf703,no_dataset
6391,Znf707,no_dataset
6392,Znf708,no_dataset
6393,Znf710,no_dataset
6394,Znf713,no_dataset
6395,Znf714,no_dataset
6396,Znf730,no_dataset
6397,Znf738,no_dataset
6398,Znf746,no_dataset
6399,Znf771,no_dataset
6400,Znf775,no_dataset
6401,Znf787,no_dataset
6402,Znf804b,no_dataset
6403,Znf837,no_dataset
6404,Znf843,no_dataset
6405,Znf846,no_dataset
6406,Znf85,no_dataset
6407,Znf99,no_dataset
6408,Znhit1,no_dataset
6409,Znhit2,no_dataset
6410,Znhit6,no_dataset
6411,Zranb3,no_dataset
6412,Zscan5a,no_dataset
6413,Zswim4,no_dataset
